id|folder|signer|annotation
01April_2010_Thursday_heute_default-1|01April_2010_Thursday_heute_default-1/1/*.png|Signer04|ICH OSTERN WETTER ZUFRIEDEN MITTAG TEMPERATUR SUED WARM MEIN NICHT
01August_2011_Monday_heute_default-6|01August_2011_Monday_heute_default-6/1/*.png|Signer07|VIELLEICHT THUERINGEN REGION AUCH BISSCHEN WOLKE BISSCHEN STARK WOLKE ABER SUED MAINZ FLUSS SUEDWEST VIEL NICHT-KEIN WOLKE VIEL SONNE
01December_2011_Thursday_heute_default-3|01December_2011_Thursday_heute_default-3/1/*.png|Signer05|STUNDE AUCH MEISTENS REGEN ERST WEST DANN REGION SUED BLEIBEN TROCKEN
01December_2011_Thursday_heute_default-5|01December_2011_Thursday_heute_default-5/1/*.png|Signer05|UND TAG BLEIBEN KUEHL SECHS GRAD BAYERN IX REGION AUCH S+H IX AUCH ABER
01February_2011_Tuesday_heute_default-6|01February_2011_Tuesday_heute_default-6/1/*.png|Signer08|MORGEN NORD MEHR MILD WEST SUEDOST BLEIBEN UNTER VIER NULL GRAD __OFF__
01February_2011_Tuesday_heute_default-8|01February_2011_Tuesday_heute_default-8/1/*.png|Signer08|__ON__ SUED VERAENDERN KAUM WIE HEUTE SONNE ODER NEBEL
01February_2011_Tuesday_tagesschau_default-14|01February_2011_Tuesday_tagesschau_default-14/1/*.png|Signer08|IN-KOMMEND SCHNEE FREITAG SAMSTAG NORD WIND REGEN
01July_2009_Wednesday_tagesschau_default-3|01July_2009_Wednesday_tagesschau_default-3/1/*.png|Signer09|MORGEN NORD KAUM GEWITTER REGION SONNE MITTE REGION SUED MEHR DURCHEINANDER WOLKE UEBERWIEGEND GEWITTER
01July_2011_Friday_tagesschau_default-6|01July_2011_Friday_tagesschau_default-6/1/*.png|Signer04|NORD SONNE WOLKE WECHSELHAFT BISSCHEN SCHAUER SUEDWEST BESONDERS SONNE MOEGLICH
01July_2011_Friday_tagesschau_default-8|01July_2011_Friday_tagesschau_default-8/1/*.png|Signer04|HEUTE NACHT DREIZEHN NORD VIER BERG AM-TAG DREIZEHN OST
01July_2011_Friday_tagesschau_default-9|01July_2011_Friday_tagesschau_default-9/1/*.png|Signer04|EINS ZWANZIG FLUSS __ON__ __OFF__ SONNTAG VIEL WOLKE REGEN
01June_2010_Tuesday_tagesschau_default-0|01June_2010_Tuesday_tagesschau_default-0/1/*.png|Signer01|__ON__ MORGEN WETTER WIE-AUSSEHEN MITTWOCH ZWEITE JUNI __OFF__
01March_2011_Tuesday_tagesschau_default-4|01March_2011_Tuesday_tagesschau_default-4/1/*.png|Signer01|__ON__ MORGEN MEISTENS SONNE NORD KOENNEN BEWOELKT __OFF__
01March_2011_Tuesday_tagesschau_default-6|01March_2011_Tuesday_tagesschau_default-6/1/*.png|Signer01|__ON__ REGION WEHEN SUED VIEL FRISCH WIND BISSCHEN STURM
01March_2011_Tuesday_tagesschau_default-7|01March_2011_Tuesday_tagesschau_default-7/1/*.png|Signer01|BERG STURM ORKAN KOENNEN __OFF__
01May_2010_Saturday_tagesschau_default-13|01May_2010_Saturday_tagesschau_default-13/1/*.png|Signer05|MITTWOCH SUED NORD BISSCHEN REGEN SONST REGION FREUNDLICH __OFF__
01November_2010_Monday_tagesschau_default-8|01November_2010_Monday_tagesschau_default-8/1/*.png|Signer05|NORDWEST AUCH TEIL IX REGEN __OFF__
01October_2009_Thursday_tagesschau_default-8|01October_2009_Thursday_tagesschau_default-8/1/*.png|Signer03|__ON__ HEUTE NACHT ELF BIS DREI GRAD MITTE BERG MOEGLICH BODEN FROST MORGEN ZEHN GRAD IX SIEBZEHN GRAD OBER FLUSS __OFF__
01October_2010_Friday_tagesschau_default-0|01October_2010_Friday_tagesschau_default-0/1/*.png|Signer04|__ON__ JETZT WETTER WIE-AUSSEHEN MORGEN SAMSTAG ZWEITE OKTOBER __OFF__
02August_2010_Monday_heute_default-7|02August_2010_Monday_heute_default-7/1/*.png|Signer05|BESONDERS OST SUED __OFF__
02December_2010_Thursday_heute_default-0|02December_2010_Thursday_heute_default-0/1/*.png|Signer07|__ON__ GUT ABEND LIEB ZUSCHAUER SO VIEL SCHNEE ANFANG DEZEMBER TJA SELTEN BISHER WENN UEBER SICHT NULL FAST REGION DEUTSCHLAND REGION SCHNEE HABEN
02December_2010_Thursday_tagesschau_default-5|02December_2010_Thursday_tagesschau_default-5/1/*.png|Signer07|SONST REST MEHR KLAR NORD NORDWEST MEHR VIEL WOLKE SCHNEE MEHR KUESTE REGION SUED BAYERN
02December_2011_Friday_tagesschau_default-3|02December_2011_Friday_tagesschau_default-3/1/*.png|Signer04|NACHT IX BISSCHEN REGEN HOCH SCHNEE REGION TEIL KLAR NORD GEBEN SCHAUER __OFF__
02June_2010_Wednesday_heute_default-12|02June_2010_Wednesday_heute_default-12/1/*.png|Signer01|SAMSTAG AUCH DANN SONNTAG WEST BISSCHEN SCHAUER GEWITTER
02June_2010_Wednesday_tagesschau_default-10|02June_2010_Wednesday_tagesschau_default-10/1/*.png|Signer01|HEUTE NACHT SECHS BIS DREIZEHN GRAD TAG TEMPERATUR STEIGEN ZEHN GRAD ALPEN BIS FUENF ZWANZIG GRAD WEST __OFF__
02March_2011_Wednesday_tagesschau_default-7|02March_2011_Wednesday_tagesschau_default-7/1/*.png|Signer01|__ON__ IX REGION MOEGLICH MORGEN TRUEB HIMMEL __OFF__
02November_2010_Tuesday_heute_default-0|02November_2010_Tuesday_heute_default-0/1/*.png|Signer05|__ON__ GUT ABEND LIEB DU ZUSCHAUER EUCH __OFF__
02November_2010_Tuesday_heute_default-12|02November_2010_Tuesday_heute_default-12/1/*.png|Signer05|__ON__ MILD NORD AUCH ZWOELF ZWISCHEN VIERZEHN SUED UNGEFAEHR VIERZEHN MAXIMAL SECHSZEHN GRAD
02November_2010_Tuesday_tagesschau_default-3|02November_2010_Tuesday_tagesschau_default-3/1/*.png|Signer05|SUED WAHRSCHEINLICH HOCH DRUCK RUHIG FREUNDLICH HERBST __OFF__
02November_2010_Tuesday_tagesschau_default-10|02November_2010_Tuesday_tagesschau_default-10/1/*.png|Signer05|MEER WENN STEIGEN SCHWER STURM TEIL __OFF__
02November_2010_Tuesday_tagesschau_default-15|02November_2010_Tuesday_tagesschau_default-15/1/*.png|Signer05|AUCH SAMSTAG NAECHSTE GLEICH IX KOMMEN MEHR KUEHL __OFF__
02October_2009_Friday_tagesschau_default-3|02October_2009_Friday_tagesschau_default-3/1/*.png|Signer03|DAZU MORGEN NORD WETTER WECHSELHAFT SONNTAG AUCH MITTE REGION SO __OFF__
02October_2009_Friday_tagesschau_default-12|02October_2009_Friday_tagesschau_default-12/1/*.png|Signer03|MONTAG NORD REGION REGEN REGION BESSER IM-VERLAUF REGION REGEN
02October_2012_Tuesday_heute_default-6|02October_2012_Tuesday_heute_default-6/1/*.png|Signer05|HEUTE NACHT NICHT-KAUM NUR NORDWEST BISSCHEN REGEN SONST REGION RUHIG
02October_2012_Tuesday_heute_default-10|02October_2012_Tuesday_heute_default-10/1/*.png|Signer05|__ON__ MORGEN FEIER UND UNTERSCHIED DANN TRENNEN ICH NORDWEST MEHR WOLKE
02September_2010_Thursday_heute_default-3|02September_2010_Thursday_heute_default-3/1/*.png|Signer05|MORGEN FRUEH FUENF BIS MAXIMAL ZWOELF NORD DEUTSCHLAND IX KLAR LUFT IX NEBEL UND TEILWEISE
02September_2010_Thursday_heute_default-4|02September_2010_Thursday_heute_default-4/1/*.png|Signer05|BISSCHEN DAZWISCHEN REGEN HERZ BERG BAYERN REGION MORGEN NORD FREUNDLICH SONNE WOLKE ABER
03August_2010_Tuesday_heute_default-3|03August_2010_Tuesday_heute_default-3/1/*.png|Signer01|SONNE FRISCH BIS ZEHN GRAD SUEDOST AUCH
03August_2010_Tuesday_heute_default-6|03August_2010_Tuesday_heute_default-6/1/*.png|Signer01|BESONDERS NORDWEST NACHMITTAG KOMMEN FLUSS REGION DANN WAHRSCHEINLICH ABEND
03August_2010_Tuesday_tagesschau_default-6|03August_2010_Tuesday_tagesschau_default-6/1/*.png|Signer01|__ON__ DANN KOMMEN SCHAUER STARK MIT GEWITTER __OFF__
03February_2010_Wednesday_tagesschau_default-0|03February_2010_Wednesday_tagesschau_default-0/1/*.png|Signer05|__ON__ JETZT WIE-AUSSEHEN WETTER MORGEN DONNERSTAG VIERTE FEBRUAR __OFF__
03February_2011_Thursday_tagesschau_default-8|03February_2011_Thursday_tagesschau_default-8/1/*.png|Signer08|__ON__ BAYERN WALD HEUTE ABEND MINUS FUENF FLUSS DREI GRAD MORGEN ZWEI GRAD REGION FLUSS NEUN GRAD __OFF__
03July_2009_Friday_tagesschau_default-3|03July_2009_Friday_tagesschau_default-3/1/*.png|Signer04|GERADE RHEIN-PFALZ SAARLAND NORDRHEIN-WESTFALEN GEWITTER
03July_2009_Friday_tagesschau_default-8|03July_2009_Friday_tagesschau_default-8/1/*.png|Signer04|IM-MOMENT DOCH GEWITTER DEUTSCH WETTER DIENST WARNUNG SCHON FERTIG BEKANNTGEBEN
03July_2010_Saturday_tagesschau_default-9|03July_2010_Saturday_tagesschau_default-9/1/*.png|Signer01|__ON__ GEWITTER NAEHE WOANDERS IX DANN GEWITTER STURM MAESSIG HEUTE NACHT REGION ZWANZIG GRAD
03July_2011_Sunday_tagesschau_default-14|03July_2011_Sunday_tagesschau_default-14/1/*.png|Signer04|MITTWOCH WECHSELHAFT AUCH DONNERSTAG WEITER WECHSELHAFT
03June_2010_Thursday_tagesschau_default-8|03June_2010_Thursday_tagesschau_default-8/1/*.png|Signer05|SUED BISSCHEN WOLKE ALPEN LETZTE REGEN __OFF__
03March_2011_Thursday_tagesschau_default-15|03March_2011_Thursday_tagesschau_default-15/1/*.png|Signer05|MORGEN IX MILD ZWOELF NORD ZWEI GRAD
03November_2010_Wednesday_tagesschau_default-5|03November_2010_Wednesday_tagesschau_default-5/1/*.png|Signer07|REGEN FLUSS SUED MOEGLICH SONNE
03November_2010_Wednesday_tagesschau_default-6|03November_2010_Wednesday_tagesschau_default-6/1/*.png|Signer07|BLEIBEN TROCKEN SUED WEHEN BISSCHEN WEHEN NORD FRISCH NATUR STARK STURM SEE MEER SCHWER STURM
03November_2010_Wednesday_tagesschau_default-7|03November_2010_Wednesday_tagesschau_default-7/1/*.png|Signer07|BERG E+R+Z BERG AUCH ORKAN KOELN REGION IX DREIZEHN GRAD ALPEN DREI GRAD
03October_2012_Wednesday_tagesschau_default-0|03October_2012_Wednesday_tagesschau_default-0/1/*.png|Signer05|__ON__ JETZT WETTER WIE-AUSSEHEN MORGEN DONNERSTAG VIERTE OKTOBER __OFF__
03October_2012_Wednesday_tagesschau_default-5|03October_2012_Wednesday_tagesschau_default-5/1/*.png|Signer05|SUEDOST MEISTENS TROCKEN MORGEN HAUPTSAECHLICH WOLKE VERSCHWINDEN IX SONST REGION HAUPTSAECHLICH REGEN
03September_2010_Friday_tagesschau_default-2|03September_2010_Friday_tagesschau_default-2/1/*.png|Signer05|__ON__ KUEHL KOMMEN TEMPERATUR SAMSTAG SONNTAG IX GLEICH 
03September_2010_Friday_tagesschau_default-10|03September_2010_Friday_tagesschau_default-10/1/*.png|Signer05|TAG NORDOST SECHSZEHN REGION IX DREI ZWANZIG GRAD __OFF__
04April_2011_Monday_heute_default-4|04April_2011_Monday_heute_default-4/1/*.png|Signer01|__ON__ SONNE __OFF__
04April_2011_Monday_heute_default-9|04April_2011_Monday_heute_default-9/1/*.png|Signer01|__ON__ MORGEN MEHR WARM IX ALS HEUTE VIERZEHN BIS NEUNZEHN GRAD KOENNEN
04August_2011_Thursday_tagesschau_default-13|04August_2011_Thursday_tagesschau_default-13/1/*.png|Signer05|MONTAG AUCH WECHSELHAFT UND MEHR KUEHL __OFF__
04December_2009_Friday_tagesschau_default-7|04December_2009_Friday_tagesschau_default-7/1/*.png|Signer05|__ON__ MANCHMAL SCHWACH MAESSIG IX WIND IX X WEST STARK WIND __OFF__
04February_2010_Thursday_heute_default-1|04February_2010_Thursday_heute_default-1/1/*.png|Signer01|AUCH SCHNEE DABEI SCHNEE WARUM HEUTE NACHT KALT ZEIGEN-BILDSCHIRM LEICHT FROST MINUS EINS BIS MINUS VIER NUR WEST FROST KEIN
04February_2010_Thursday_heute_default-4|04February_2010_Thursday_heute_default-4/1/*.png|Signer01|ANFANG KOENNEN SCHNEE MISCHUNG NORD TAG REGEN KOMMEN NOCH-NICHT SONNE FREUNDLICH SONNE DABEI
04January_2010_Monday_heute_default-2|04January_2010_Monday_heute_default-2/1/*.png|Signer01|__ON__ SCHWARZ WALD FUENF ZWANZIG C+M HARZ BIS SECHZIG C+M __OFF__
04January_2010_Monday_heute_default-4|04January_2010_Monday_heute_default-4/1/*.png|Signer01|REGION ANDERS MILD HINREICHEND HEUTE NACHT HINREICHEND SCHNEE VIELLEICHT BIS REGEN DABEI
04January_2010_Monday_tagesschau_default-11|04January_2010_Monday_tagesschau_default-11/1/*.png|Signer01|__ON__ TAGSUEBER MINUS SIEBEN BIS NULL GRAD NORD BIS PLUS EINS GRAD __OFF__
04January_2011_Tuesday_tagesschau_default-5|04January_2011_Tuesday_tagesschau_default-5/1/*.png|Signer05|SONST REGION MEISTENS WOLKE NEBEL SONST REGION KLAR TROCKEN
04July_2009_Saturday_tagesschau_default-10|04July_2009_Saturday_tagesschau_default-10/1/*.png|Signer04|__ON__ MONTAG UEBERWIEGEND SCHAUER OST GEWITTER SUED WEST LANG FREUNDLICH
04July_2010_Sunday_tagesschau_default-0|04July_2010_Sunday_tagesschau_default-0/1/*.png|Signer04|__ON__ JETZT WETTER WIE-AUSSEHEN MORGEN MONTAG FUENFTE JULI __OFF__
04July_2010_Sunday_tagesschau_default-2|04July_2010_Sunday_tagesschau_default-2/1/*.png|Signer04|__ON__ TIEF NORD EUROPA DIESE NORDWEST MORGEN SCHAUER SUEDOST GEWITTER
04July_2011_Monday_heute_default-0|04July_2011_Monday_heute_default-0/1/*.png|Signer07|__ON__ IHR WUENSCHEN WISSEN SOMMER WEITER WIE LAUFEN WIE-AUSSEHEN DAMEN UND HERREN EUCH BLEIBEN HOCH TIEF HOCH TIEF 
04July_2011_Monday_heute_default-6|04July_2011_Monday_heute_default-6/1/*.png|Signer07|ABER REGEN NORD IX BIS E+R+Z BERG REGION REGEN
04July_2011_Monday_tagesschau_default-11|04July_2011_Monday_tagesschau_default-11/1/*.png|Signer07|NUR NORD WEHEN __OFF__
04May_2010_Tuesday_heute_default-1|04May_2010_Tuesday_heute_default-1/1/*.png|Signer04|HOCH NORD SONNE DESWEGEN GRENZE HOCH TIEF HOCH KALT WIND
04May_2011_Wednesday_heute_default-11|04May_2011_Wednesday_heute_default-11/1/*.png|Signer01|__ON__ LANGSAM STEIGEN WARM FLUSS ACHTZEHN BIS ZWANZIG GRAD
04October_2010_Monday_heute_default-0|04October_2010_Monday_heute_default-0/1/*.png|Signer01|__ON__ LIEB ZUSCHAUER EUCH GUT ABEND
04October_2010_Monday_heute_default-3|04October_2010_Monday_heute_default-3/1/*.png|Signer01|DEUTSCH LAND SUED AUCH BRINGEN ZIEHEN REGEN __OFF__
04October_2010_Monday_heute_default-15|04October_2010_Monday_heute_default-15/1/*.png|Signer01|ZWANZIG BIS UEBER ZWANZIG GRAD IN-KOMMEND IN-KOMMEND AEHNLICH
05April_2010_Monday_tagesschau_default-0|05April_2010_Monday_tagesschau_default-0/1/*.png|Signer03|__ON__ JETZT WETTER MORGEN DIENSTAG SECHSTE APRIL __OFF__
05April_2011_Tuesday_heute_default-10|05April_2011_Tuesday_heute_default-10/1/*.png|Signer01|__ON__ REGION NICHT-KAUM SONNE BESONDERS NORD REGEN KOENNEN __OFF__
05April_2011_Tuesday_heute_default-16|05April_2011_Tuesday_heute_default-16/1/*.png|Signer01|ALSO FLUSS NAH __OFF__
05April_2011_Tuesday_tagesschau_default-9|05April_2011_Tuesday_tagesschau_default-9/1/*.png|Signer01|__ON__ REGION KOMMEN SONNE SEHEN KOENNEN __OFF__
05August_2010_Thursday_tagesschau_default-3|05August_2010_Thursday_tagesschau_default-3/1/*.png|Signer04|ERSTE WOLKE TIEF NORWEGEN ABER TIEF NORD ITALIEN KOMMEN
05December_2009_Saturday_tagesschau_default-3|05December_2009_Saturday_tagesschau_default-3/1/*.png|Signer01|__ON__ WEST REGEN KOENNEN __OFF__
05December_2009_Saturday_tagesschau_default-4|05December_2009_Saturday_tagesschau_default-4/1/*.png|Signer01|__ON__ IX AUCH WIND DABEI TEMPERATUR FUENF BIS UNGEFAEHR DREIZEHN GRAD REGION __OFF__
05February_2010_Friday_tagesschau_default-10|05February_2010_Friday_tagesschau_default-10/1/*.png|Signer01|__ON__ HEUTE NACHT TEMPERATUR MINUS FUENF NORD BIS PLUS DREI WEST FLUSS __OFF__
05February_2010_Friday_tagesschau_default-12|05February_2010_Friday_tagesschau_default-12/1/*.png|Signer01|__ON__ IX PLUS SECHS GRAD VOR POMMERN REGION BISSCHEN FROST __OFF__
05February_2011_Saturday_tagesschau_default-8|05February_2011_Saturday_tagesschau_default-8/1/*.png|Signer04|HEUTE NACHT NORD TEIL STURM BERG ORKAN
05February_2011_Saturday_tagesschau_default-11|05February_2011_Saturday_tagesschau_default-11/1/*.png|Signer04|MONTAG AN KUESTE TEIL REGEN STURM
05January_2010_Tuesday_tagesschau_default-12|05January_2010_Tuesday_tagesschau_default-12/1/*.png|Signer01|__ON__ HEUTE NACHT MINUS ZWEI NORD MITTE MINUS EINS ZWANZIG GRAD __OFF__
05January_2011_Wednesday_tagesschau_default-4|05January_2011_Wednesday_tagesschau_default-4/1/*.png|Signer08|KOENNEN WASSER STEIGEN HEUTE NACHT KOMMEN WOLKE KOMMEN
05July_2010_Monday_heute_default-7|05July_2010_Monday_heute_default-7/1/*.png|Signer01|WETTER KOENNEN SAGEN REGEN REGION DANN SCHAUER VOR MITTAG
05July_2010_Monday_tagesschau_default-7|05July_2010_Monday_tagesschau_default-7/1/*.png|Signer01|__ON__ TAG SONNE WOLKE WECHSELHAFT TEILWEISE AUCH LANG SONNE 
05June_2010_Saturday_tagesschau_default-0|05June_2010_Saturday_tagesschau_default-0/1/*.png|Signer05|__ON__ JETZT WETTER WIE-AUSSEHEN MORGEN SONNTAG SECHSTE JUNI __OFF__
05May_2011_Thursday_tagesschau_default-0|05May_2011_Thursday_tagesschau_default-0/1/*.png|Signer08|__ON__ JETZT WETTER WIE-AUSSEHEN MORGEN FREITAG SECHSTE MAI ZEIGEN-BILDSCHIRM __OFF__
05May_2011_Thursday_tagesschau_default-17|05May_2011_Thursday_tagesschau_default-17/1/*.png|Signer08|SUEDWEST WEST KOENNEN REGEN __OFF__
05November_2010_Friday_tagesschau_default-7|05November_2010_Friday_tagesschau_default-7/1/*.png|Signer07|REGEN ZONE WEG IX NORD WIEDER BISSCHEN SONNE ABER BISSCHEN REGEN NOCH HABEN BISSCHEN MAESSIG MITTE WEHEN
05October_2011_Wednesday_heute_default-0|05October_2011_Wednesday_heute_default-0/1/*.png|Signer01|__ON__ LIEB ZUSCHAUER EUCH GUT ABEND __OFF__
05October_2011_Wednesday_heute_default-8|05October_2011_Wednesday_heute_default-8/1/*.png|Signer01|NORDWEST REGEN KOMMEN __OFF__
05September_2009_Saturday_tagesschau_default-0|05September_2009_Saturday_tagesschau_default-0/1/*.png|Signer04|__ON__ WETTER WIE-AUSSEHEN MORGEN SONNTAG SECHS SEPTEMBER __OFF__
05September_2010_Sunday_tagesschau_default-6|05September_2010_Sunday_tagesschau_default-6/1/*.png|Signer04|AUCH OBER FLUSS BIS ABEND MEHR WOLKE WIND SCHWACH
06April_2010_Tuesday_heute_default-0|06April_2010_Tuesday_heute_default-0/1/*.png|Signer03|__ON__ HOCH K+U+N+A MITBRINGEN KOMMEN FRUEHLING 
06April_2010_Tuesday_tagesschau_default-8|06April_2010_Tuesday_tagesschau_default-8/1/*.png|Signer03|WIND SCHWACH MAESSIG WEHEN SUEDOST HEUTE NACHT MOEGLICH NULL GRAD 
06August_2010_Friday_tagesschau_default-0|06August_2010_Friday_tagesschau_default-0/1/*.png|Signer04|__ON__ JETZT WETTER WIE-AUSSEHEN MORGEN SAMSTAG SIEBTE AUGUST __OFF__
06December_2011_Tuesday_heute_default-12|06December_2011_Tuesday_heute_default-12/1/*.png|Signer07|STURM TAGSUEBER DABEI IHR WUENSCHEN ABEND MACHEN GUT __OFF__
06December_2011_Tuesday_tagesschau_default-5|06December_2011_Tuesday_tagesschau_default-5/1/*.png|Signer07|BERG MEISTENS SCHNEE REGEN BERG ABER SUED REGION REGEN UNGEFAEHR TAUSEND ZWEIHUNDERT IX SCHNEE
06February_2011_Sunday_tagesschau_default-7|06February_2011_Sunday_tagesschau_default-7/1/*.png|Signer04|HEUTE NACHT AB MORGEN NACHMITTAG NORD HARZ REGION STURM
06February_2011_Sunday_tagesschau_default-11|06February_2011_Sunday_tagesschau_default-11/1/*.png|Signer04|NORD MORGEN SIEBEN REGION FLUSS BIS FUENFZEHN
06January_2010_Wednesday_heute_default-4|06January_2010_Wednesday_heute_default-4/1/*.png|Signer01|__ON__ HEUTE NACHT MEHR SCHNEE NORD SUEDOST ABER KALT
06January_2010_Wednesday_heute_default-6|06January_2010_Wednesday_heute_default-6/1/*.png|Signer01|MORGEN BESONDERS NORD REGION UND WEST REGEN KOENNEN
06January_2010_Wednesday_heute_default-12|06January_2010_Wednesday_heute_default-12/1/*.png|Signer01|DANN WOCHENENDE ENORM WINTER FREITAG SCHNEE REGION
06January_2010_Wednesday_heute_default-14|06January_2010_Wednesday_heute_default-14/1/*.png|Signer01|WIND KOMMEN DANN SCHNEE WITTERUNG JETZT SCHOEN ABEND TSCHUESS __OFF__
06January_2010_Wednesday_tagesschau_default-4|06January_2010_Wednesday_tagesschau_default-4/1/*.png|Signer01|__ON__ GROSSBRITANNIEN REGION FRANKREICH MITTE EUROPA REGION TIEF KOMMEN SCHNEIEN SCHNEE WENIG NUR IX MEHR WICHTIG
06July_2009_Monday_tagesschau_default-10|06July_2009_Monday_tagesschau_default-10/1/*.png|Signer09|MORGEN WERT EIFEL ACHTZEHN BIS SECHS ZWANZIG LAND
06July_2009_Monday_tagesschau_default-11|06July_2009_Monday_tagesschau_default-11/1/*.png|Signer09|MORGEN IX VERSCHIEDEN SCHAUER GEWITTER SONNE SELTEN
06July_2010_Tuesday_tagesschau_default-3|06July_2010_Tuesday_tagesschau_default-3/1/*.png|Signer05|__ON__ NORDOST BISSCHEN SCHAUER ABEND AUFLOESEN EIN-PAAR HARMLOS NEBEL DANN KLAR
06July_2011_Wednesday_tagesschau_default-9|06July_2011_Wednesday_tagesschau_default-9/1/*.png|Signer07|TAG EINS ZWANZIG GRAD SYLT IX UND NEUN ZWANZIG GRAD REGION UND REGION
06May_2010_Thursday_heute_default-8|06May_2010_Thursday_heute_default-8/1/*.png|Signer04|KOMMEN WEHEN AUFLOESEN HEUTE OST SCHON TROCKEN NACHMITTAG KOENNEN SONNE KOENNEN
06May_2011_Friday_tagesschau_default-18|06May_2011_Friday_tagesschau_default-18/1/*.png|Signer01|__ON__ MONTAG WEITER SONNE WEST SCHAUER GEWITTER __OFF__
06October_2009_Tuesday_tagesschau_default-2|06October_2009_Tuesday_tagesschau_default-2/1/*.png|Signer01|__ON__ DEUTSCH LAND SUED MORGEN WARM KOMMEN __OFF__
06October_2010_Wednesday_tagesschau_default-2|06October_2010_Wednesday_tagesschau_default-2/1/*.png|Signer01|__ON__ IN-KOMMEND BLEIBEN LUFT DRUCK HOCH KOMMEN BEDEUTEN NEBEL HIMMEL UND SONNE MISCHUNG
06October_2010_Wednesday_tagesschau_default-13|06October_2010_Wednesday_tagesschau_default-13/1/*.png|Signer01|__ON__ MORGEN DREIZEHN REGION SUEDWEST IX VIER ZWANZIG GRAD PASSEN FAST WIE SOMMER __OFF__
06October_2011_Thursday_heute_default-0|06October_2011_Thursday_heute_default-0/1/*.png|Signer01|__ON__ LIEB ZUSCHAUER GUT ABEND __OFF__
06October_2012_Saturday_tagesschau_default-0|06October_2012_Saturday_tagesschau_default-0/1/*.png|Signer08|__ON__ JETZT WETTER WIE-AUSSEHEN MORGEN SONNTAG SIEBTE OKTOBER __OFF__
06October_2012_Saturday_tagesschau_default-2|06October_2012_Saturday_tagesschau_default-2/1/*.png|Signer08|__ON__ MORGEN DEUTSCH LAND IX TIEF KOMMEN KUEHL KOMMEN
06October_2012_Saturday_tagesschau_default-15|06October_2012_Saturday_tagesschau_default-15/1/*.png|Signer08|MITTWOCH TEIL SONNE TEIL WOLKE BLEIBEN TROCKEN __OFF__
07April_2010_Wednesday_heute_default-13|07April_2010_Wednesday_heute_default-13/1/*.png|Signer05|__ON__ FREUNDLICH BLEIBEN REGION SUED BISSCHEN SCHAUER SCHOEN ABEND AUSRICHTEN __OFF__
07April_2010_Wednesday_tagesschau_default-5|07April_2010_Wednesday_tagesschau_default-5/1/*.png|Signer05|REGION SUEDOST SONNE NORDWEST UEBERWIEGEND WOLKE IX REGEN SUEDOST AUCH SCHAUER
07April_2011_Thursday_tagesschau_default-11|07April_2011_Thursday_tagesschau_default-11/1/*.png|Signer01|__ON__ SUED WEHEN IX WEHEN KOENNEN STURM KOENNEN NORD SCHWER STURM __OFF__
07August_2009_Friday_tagesschau_default-0|07August_2009_Friday_tagesschau_default-0/1/*.png|Signer01|JETZT WETTER MORGEN WETTER WIE-AUSSEHEN __OFF__
07December_2010_Tuesday_heute_default-1|07December_2010_Tuesday_heute_default-1/1/*.png|Signer07|LEIDER DURCHGEHEND DAUER REGEN NACHT SUED DEUTSCHLAND REGEN AUCH STRASSE DANN GLATTEIS
07December_2010_Tuesday_heute_default-3|07December_2010_Tuesday_heute_default-3/1/*.png|Signer07|NACHT VIELLEICHT P BIS L SITZ ZONE ABER LUFT DOCH FEUCHT NORDWEST
07December_2010_Tuesday_tagesschau_default-10|07December_2010_Tuesday_tagesschau_default-10/1/*.png|Signer07|__ON__ TAG MINUS DREI NORDOST PLUS VIERZEHN GRAD SUED __OFF__
07December_2011_Wednesday_heute_default-5|07December_2011_Wednesday_heute_default-5/1/*.png|Signer08|__ON__ WENN TIEF KOMMEN DAZU REGEN GROSSBRITANNIEN KOMMEN
07December_2011_Wednesday_tagesschau_default-7|07December_2011_Wednesday_tagesschau_default-7/1/*.png|Signer08|NACH MITTAG NORDWEST WOLKE KOENNEN REGEN NACHT WIND KOENNEN STURM
07February_2011_Monday_heute_default-3|07February_2011_Monday_heute_default-3/1/*.png|Signer07|DANACH HOCH DRUCK KOMMEN FREUNDLICH GUT IN-KOMMEND TAG SONNE AB HEUTE ABEND BISSCHEN LEICHT REGEN
07February_2011_Monday_heute_default-8|07February_2011_Monday_heute_default-8/1/*.png|Signer07|MITTE REGION VOR MITTAG MEHR BISSCHEN LEICHT REGEN NACH MITTAG REGEN DURCH
07February_2011_Monday_tagesschau_default-6|07February_2011_Monday_tagesschau_default-6/1/*.png|Signer07|NACHT NORD MEHR STURM AUCH KUESTE ORKAN TAG SCHWACH MAESSIG WEHEN
07February_2011_Monday_tagesschau_default-7|07February_2011_Monday_tagesschau_default-7/1/*.png|Signer07|NORD NORDOST FRISCH MAESSIG WEHEN OST STARK WEHEN HEUTE NACHT WERT
07January_2010_Thursday_tagesschau_default-4|07January_2010_Thursday_tagesschau_default-4/1/*.png|Signer09|HEUTE NACHT TEMPERATUR MINUS DREI MINUS SIEBZEHN WENN KLAR TIEF 
07January_2010_Thursday_tagesschau_default-5|07January_2010_Thursday_tagesschau_default-5/1/*.png|Signer09|TAG MINUS SIEBEN NORD NULL __OFF__
07June_2010_Monday_heute_default-2|07June_2010_Monday_heute_default-2/1/*.png|Signer04|DAZU WARM LUFT TATSAECHLICH WARM HEISS NAECHSTE-WOCHE KUEHL
07June_2010_Monday_heute_default-6|07June_2010_Monday_heute_default-6/1/*.png|Signer04|OST SUED BERLIN SUED DEUTSCHLAND VIER ZWANZIG GRAD BIS ACHT ZWANZIG GRAD
07October_2012_Sunday_tagesschau_default-2|07October_2012_Sunday_tagesschau_default-2/1/*.png|Signer08|__ON__ REGION TIEF KOMMEN TAG KLAR STERN SEHEN KOENNEN FROST
08April_2010_Thursday_heute_default-3|08April_2010_Thursday_heute_default-3/1/*.png|Signer05|REGEN NICHTALP-AUCH ABER KUEHL HEUTE NORDWEST KUEHL LEICHT BODEN FROST
08April_2010_Thursday_heute_default-6|08April_2010_Thursday_heute_default-6/1/*.png|Signer05|SIEBEN BIS ZEHN ZEHN-STUNDEN IX SONNE HABEN SONST REGION WENIG SONNE
08April_2010_Thursday_tagesschau_default-2|08April_2010_Thursday_tagesschau_default-2/1/*.png|Signer05|__ON__ LUFT KUEHL REGION TIEF HOCH REGION KOMMEN KUEHL
08December_2009_Tuesday_heute_default-6|08December_2009_Tuesday_heute_default-6/1/*.png|Signer02|ANDERE TEMPERATUR GLEICH OST VIER GRAD MILD ACHT BIS NEUN GRAD __OFF__
08February_2010_Monday_tagesschau_default-0|08February_2010_Monday_tagesschau_default-0/1/*.png|Signer04|__ON__ JETZT WETTER WIE-AUSSEHEN MORGEN DIENSTAG NEUNTE FEBRUAR __OFF__
08January_2010_Friday_tagesschau_default-9|08January_2010_Friday_tagesschau_default-9/1/*.png|Signer09|__ON__ WIE-AUSSEHEN IN-KOMMEND SONNTAG OST SPEZIELL SCHNEE NORD BLEIBEN WIND
08June_2010_Tuesday_tagesschau_default-9|08June_2010_Tuesday_tagesschau_default-9/1/*.png|Signer03|HEUTE NACHT ELF GRAD BERG ALLGAEU BIS SIEBZEHN FLUSS 
08October_2009_Thursday_tagesschau_default-5|08October_2009_Thursday_tagesschau_default-5/1/*.png|Signer01|__ON__ HEUTE NACHT NORD MITTE KLAR STERN KOENNEN SEHEN REGION NEBEL SUED REGEN KOENNEN __OFF__
08October_2009_Thursday_tagesschau_default-7|08October_2009_Thursday_tagesschau_default-7/1/*.png|Signer01|__ON__ DABEI BLITZ DONNER MORGEN REGION REGEN DABEI NORD DANN AUFLOESEN DANN SONNE DABEI __OFF__
09April_2010_Friday_tagesschau_default-0|09April_2010_Friday_tagesschau_default-0/1/*.png|Signer08|__ON__ JETZT WETTER MORGEN SAMSTAG ZEHNTE APRIL WIE-AUSSEHEN ZEIGEN-BILDSCHIRM __OFF__
09April_2010_Friday_tagesschau_default-6|09April_2010_Friday_tagesschau_default-6/1/*.png|Signer08|NACHT NULL BIS ZEHN FLUSS BIS SIEBEN GRAD NORD SIEBEN GRAD
09August_2009_Sunday_tagesschau_default-4|09August_2009_Sunday_tagesschau_default-4/1/*.png|Signer01|__ON__ MORGEN WEST TIEF KOMMEN RICHTUNG OST AUFZIEHEN REGEN GEWITTER STARK __OFF__
09August_2009_Sunday_tagesschau_default-5|09August_2009_Sunday_tagesschau_default-5/1/*.png|Signer01|__ON__ NORDWEST SPAETER AUFLOESEN JETZT IN-KOMMEND IX REGEN GEWITTER KOENNEN STARK __OFF__
09August_2010_Monday_heute_default-6|09August_2010_Monday_heute_default-6/1/*.png|Signer05|FLUSS UND NIEDER FLUSS SPAETER NACH MITTAG IX DANN HIER
09August_2010_Monday_heute_default-10|09August_2010_Monday_heute_default-10/1/*.png|Signer05|AUCH BIS FREITAG WIEDER SINKEN KUEHL SCHOEN ABEND MACHEN GUT __OFF__
09August_2010_Monday_tagesschau_default-8|09August_2010_Monday_tagesschau_default-8/1/*.png|Signer05|NORDWEST SPAETER AUCH WOLKE DANN DABEI GEWITTER SCHAUER __OFF__
09August_2010_Monday_tagesschau_default-13|09August_2010_Monday_tagesschau_default-13/1/*.png|Signer05|MITTWOCH SINKEN KUEHLER WECHSELHAFT SONNE WOLKE SCHAUER GEWITTER WEST
09December_2009_Wednesday_tagesschau_default-0|09December_2009_Wednesday_tagesschau_default-0/1/*.png|Signer02|__ON__ JETZT WIE-AUSSEHEN WETTER MORGEN DONNERSTAG ZEHNTE SEPTEMBER DEZEMBER __OFF__
09December_2009_Wednesday_tagesschau_default-5|09December_2009_Wednesday_tagesschau_default-5/1/*.png|Signer02|__OFF__ NORD REGION SCHWACH MAESSIG WIND __ON__ __OFF__ HEUTE NACHT RHEIN ACHT GRAD ALPEN MINUS SECHS __OFF__
09February_2010_Tuesday_tagesschau_default-3|09February_2010_Tuesday_tagesschau_default-3/1/*.png|Signer03|AUCH OBER FLUSS HOCH FLUSS FROST AUCH SCHNEE KOMMEN BLEIBEN IM-VERLAUF 
09February_2011_Wednesday_heute_default-3|09February_2011_Wednesday_heute_default-3/1/*.png|Signer07|HEUTE NACHT AUFKLAREN MORGEN NACH MITTAG SCHON NORD SEE SCHON BISSCHEN REGEN IX MILD LUFT
09January_2010_Saturday_tagesschau_default-0|09January_2010_Saturday_tagesschau_default-0/1/*.png|Signer09|__ON__ JETZT WETTER WIE-AUSSEHEN MORGEN SONNTAG ZEHNTE JANUAR __OFF__
09July_2009_Thursday_tagesschau_default-1|09July_2009_Thursday_tagesschau_default-1/1/*.png|Signer01|__ON__ MORGEN WETTER WIE-AUSSEHEN FREITAG ZEHNTE JULI __OFF__
09July_2009_Thursday_tagesschau_default-12|09July_2009_Thursday_tagesschau_default-12/1/*.png|Signer01|__ON__ SAMSTAG SUEDWEST UEBERWIEGEND TROCKEN IX SONNE SCHAUER NORDWEST DANN GEWITTER
09July_2011_Saturday_tagesschau_default-11|09July_2011_Saturday_tagesschau_default-11/1/*.png|Signer01|__ON__ SUEDOST REGEN STARK KANN __OFF__
09July_2011_Saturday_tagesschau_default-15|09July_2011_Saturday_tagesschau_default-15/1/*.png|Signer01|__ON__ WIND WEHEN IX STURM GEWITTER KOENNEN AUCH DABEI STURM __OFF__
09June_2010_Wednesday_heute_default-12|09June_2010_Wednesday_heute_default-12/1/*.png|Signer08|__ON__ FREITAG BLEIBEN WARM NASS SAMSTAG DANN SUEDWEST REGEN UND KUEHL
09March_2011_Wednesday_heute_default-4|09March_2011_Wednesday_heute_default-4/1/*.png|Signer01|AUCH WIND STARK STROEMEN REGION STURM ORKAN KUESTE KOENNEN __OFF__
09May_2011_Monday_tagesschau_default-2|09May_2011_Monday_tagesschau_default-2/1/*.png|Signer01|__ON__ OST NORD HOCH KOMMEN NOCH IN-KOMMEND SONNE MEISTENS
09May_2011_Monday_tagesschau_default-16|09May_2011_Monday_tagesschau_default-16/1/*.png|Signer01|MORGEN ZWANZIG GRAD NORD BIS ACHT ZWANZIG REGION __OFF__
09May_2011_Monday_tagesschau_default-20|09May_2011_Monday_tagesschau_default-20/1/*.png|Signer01|DONNERSTAG SONNE TEILWEISE REGEN STARK GEWITTER FREITAG RUHIGER MEHR KUEHL __OFF__
09November_2010_Tuesday_tagesschau_default-0|09November_2010_Tuesday_tagesschau_default-0/1/*.png|Signer01|__ON__ MORGEN WETTER WIE-AUSSEHEN MITTWOCH ZEHNTE NOVEMBER __OFF__
10April_2010_Saturday_tagesschau_default-8|10April_2010_Saturday_tagesschau_default-8/1/*.png|Signer08|MORGEN VIER GRAD REGION SECHS BIS ELF GRAD FLUSS BIS ZWOELF GRAD
10August_2009_Monday_heute_default-3|10August_2009_Monday_heute_default-3/1/*.png|Signer01|ABER JETZT OST KOMMEN SCHWUEL LUFT AUFZIEHEN NEU KOMMEN REGEN ABER MEHR ANGENEHM NASE LUFT __OFF__
10August_2010_Tuesday_heute_default-9|10August_2010_Tuesday_heute_default-9/1/*.png|Signer05|IX WEHEN OST REGION SONNE MEHR WARM MAXIMAL SECHS ZWANZIG SUED MAXIMAL SIEBEN ZWANZIG GRAD
10August_2010_Tuesday_tagesschau_default-3|10August_2010_Tuesday_tagesschau_default-3/1/*.png|Signer05|WETTER OST SUED HEUTE NACHT TROCKEN AUCH KLAR DANN TEIL REGION SCHAUER MORGEN MEISTENS WOLKE
10August_2011_Wednesday_tagesschau_default-12|10August_2011_Wednesday_tagesschau_default-12/1/*.png|Signer05|IM-VERLAUF IM-VERLAUF TEMPERATUR REGION SUED MEHR FREUNDLICH IX NORD NICHT __OFF__
10August_2011_Wednesday_tagesschau_default-13|10August_2011_Wednesday_tagesschau_default-13/1/*.png|Signer05|__ON__ ORT AUCH SCHAUER GEWITTER KURZ SONNTAG BIS DREISSIG GRAD MOEGLICH WIEDER UNWETTER __OFF__
10December_2009_Thursday_tagesschau_default-0|10December_2009_Thursday_tagesschau_default-0/1/*.png|Signer02|__ON__ JETZT WIE-AUSSEHEN WETTER MORGEN FREITAG ELF DEZEMBER __OFF__
10December_2011_Saturday_tagesschau_default-19|10December_2011_Saturday_tagesschau_default-19/1/*.png|Signer01|AB MONTAG IN-KOMMEND WETTER WECHSELHAFT WIND AB DIENSTAG STURM KOENNEN TEIL REGEN BERG MOEGLICH SCHNEE
10December_2011_Saturday_tagesschau_default-20|10December_2011_Saturday_tagesschau_default-20/1/*.png|Signer01|ABER IN-KOMMEND MILD DANN WIEDER SCHNEE GRENZE AUF __OFF__
10February_2010_Wednesday_tagesschau_default-13|10February_2010_Wednesday_tagesschau_default-13/1/*.png|Signer03|SONNTAG SCHNEE WENIG NORD REGION MOEGLICH SONNE __OFF__
10January_2011_Monday_heute_default-12|10January_2011_Monday_heute_default-12/1/*.png|Signer01|__ON__ REGEN DANN MITTWOCH REGEN DONNERSTAG STARK REGEN DANN STEIGEN 
10January_2011_Monday_tagesschau_default-7|10January_2011_Monday_tagesschau_default-7/1/*.png|Signer01|__ON__ HEUTE-NACHT TROCKEN IX REGEN MEISTENS REGION __OFF__
10January_2011_Monday_tagesschau_default-17|10January_2011_Monday_tagesschau_default-17/1/*.png|Signer01|__ON__ HEUTE-NACHT IX EIN GRAD MINUS SIEBEN REGION __OFF__
10July_2009_Friday_tagesschau_default-12|10July_2009_Friday_tagesschau_default-12/1/*.png|Signer05|__ON__ NAECHSTE SONNTAG OST SONNE WOLKE STELLENWEISE REGEN
10March_2011_Thursday_heute_default-3|10March_2011_Thursday_heute_default-3/1/*.png|Signer01|__ON__ SUEDWEST KOMMEN WARM MORGEN SCHON FRANKREICH REGION FUENFZEHN BIS ZWANZIG GRAD WOCHENENDE KOMMEN WARM __OFF__
10March_2011_Thursday_tagesschau_default-17|10March_2011_Thursday_tagesschau_default-17/1/*.png|Signer01|SONNTAG WEST NORDWEST WIEDER VIEL WOLKE BISSCHEN REGEN OST KOMMEN FREUNDLICH __OFF__
10November_2009_Tuesday_tagesschau_default-8|10November_2009_Tuesday_tagesschau_default-8/1/*.png|Signer04|__ON__ DONNERSTAG NEBEL AUFLOESEN WOLKE BEWOELKT HABEN
11April_2010_Sunday_tagesschau_default-5|11April_2010_Sunday_tagesschau_default-5/1/*.png|Signer08|BERG DANN SCHNEE SCHNEIEN DANN STURM WEHEN OST FRISCH WIND BERG KOENNEN STURM __OFF__
11August_2010_Wednesday_tagesschau_default-2|11August_2010_Wednesday_tagesschau_default-2/1/*.png|Signer08|DRUCK TIEF KOMMEN ES-BEDEUTET VIEL WOLKE UND KOENNEN REGEN GEWITTER KOENNEN
11August_2010_Wednesday_tagesschau_default-9|11August_2010_Wednesday_tagesschau_default-9/1/*.png|Signer08|WIND MAESSIG SCHWACH REGION WENN GEWITTER WIND KOENNEN __OFF__
11December_2009_Friday_tagesschau_default-3|11December_2009_Friday_tagesschau_default-3/1/*.png|Signer04|FLACH REGEN ALPEN LANG SCHNEE TAG UEBERWIEGEND WOLKE TEIL AUFLOESEN TEIL SCHNEE
11December_2010_Saturday_tagesschau_default-0|11December_2010_Saturday_tagesschau_default-0/1/*.png|Signer08|__ON__ JETZT WETTER MORGEN SONNTAG ZWOELF DEZEMBER WIE-AUSSEHEN ZEIGEN-BILDSCHIRM __OFF__
11December_2010_Saturday_tagesschau_default-3|11December_2010_Saturday_tagesschau_default-3/1/*.png|Signer08|MORGEN SONNE IX KOMMEN __OFF__
11February_2011_Friday_tagesschau_default-5|11February_2011_Friday_tagesschau_default-5/1/*.png|Signer01|__ON__ WOCHENENDE IM-VERLAUF MONTAG DIENSTAG NORDOST DANN KALT NORDRHEIN-WESTFALEN HEINS BERG KOMMEN HEUTE NACHT REGEN KOENNEN __OFF__
11January_2011_Tuesday_heute_default-9|11January_2011_Tuesday_heute_default-9/1/*.png|Signer05|AB MITTAG ZWISCHEN KOMMEN WOLKE MEISTENS REGEN
11May_2010_Tuesday_tagesschau_default-0|11May_2010_Tuesday_tagesschau_default-0/1/*.png|Signer01|__ON__ MORGEN WETTER WIE-AUSSEHEN MITTWOCH ZWOELF MAI __OFF__
11May_2010_Tuesday_tagesschau_default-5|11May_2010_Tuesday_tagesschau_default-5/1/*.png|Signer01|TAG DANN NORD REGION REGEN SUEDOST DOCH BISSCHEN FREUNDLICH
11May_2010_Tuesday_tagesschau_default-15|11May_2010_Tuesday_tagesschau_default-15/1/*.png|Signer01|SAMSTAG NORD SUEDOST REGEN ABER GLEICH ZEIT WIND __OFF__
11October_2010_Monday_tagesschau_default-3|11October_2010_Monday_tagesschau_default-3/1/*.png|Signer07|NORDOST BISSCHEN REGEN NEBEL AUCH NAEHE FLUSS UND ALPEN AUCH MOEGLICH NEBEL
11October_2010_Monday_tagesschau_default-7|11October_2010_Monday_tagesschau_default-7/1/*.png|Signer07|NORD INSEL NEUN ZEHN GRAD MINUS ZWEI MITTE BERG
11October_2010_Monday_tagesschau_default-8|11October_2010_Monday_tagesschau_default-8/1/*.png|Signer07|TAG ZEHN GRAD BISSCHEN BEWOELKT ACHTZEHN GRAD FLUSS IX
11October_2010_Monday_tagesschau_default-11|11October_2010_Monday_tagesschau_default-11/1/*.png|Signer07|FREITAG BISSCHEN VERSCHWINDEN BISSCHEN VERSCHWINDEN NORD BISSCHEN REGEN BISSCHEN STELLENWEISE VIERZEHN GRAD UNGEFAEHR __OFF__
12April_2011_Tuesday_tagesschau_default-7|12April_2011_Tuesday_tagesschau_default-7/1/*.png|Signer07|NORD OST SUEDOST MOEGLICH LANG REGEN UEBER UNGEFAEHR SECHSHUNDERT METER
12August_2009_Wednesday_tagesschau_default-8|12August_2009_Wednesday_tagesschau_default-8/1/*.png|Signer05|HEUTE NACHT ELF TEMPERATUR SECHSZEHN SIEBZEHN MAXIMAL SIEBZEHN
12December_2010_Sunday_tagesschau_default-3|12December_2010_Sunday_tagesschau_default-3/1/*.png|Signer05|IX NACHT WAHRSCHEINLICH LOCKER ORT NEBEL HABEN LANG BLEIBEN
12December_2010_Sunday_tagesschau_default-11|12December_2010_Sunday_tagesschau_default-11/1/*.png|Signer05|__ON__ TAG VOGEL LAND MINUS ACHT NORD MINUS DREI GRAD WIE-AUSSEHEN IN-KOMMEND
12December_2011_Monday_heute_default-6|12December_2011_Monday_heute_default-6/1/*.png|Signer08|UND DAZU STURM NORD KUESTE STURM __OFF__
12December_2011_Monday_tagesschau_default-6|12December_2011_Monday_tagesschau_default-6/1/*.png|Signer08|REGION SPAETER WEST KOMMEN REGEN
12December_2011_Monday_tagesschau_default-13|12December_2011_Monday_tagesschau_default-13/1/*.png|Signer08|MORGEN DREI GRAD REGION BAYERN WALD IX ZWOELF KOELN __OFF__
12December_2011_Monday_tagesschau_default-14|12December_2011_Monday_tagesschau_default-14/1/*.png|Signer08|__ON__ MITTWOCH WIND KOENNEN STURM REGEN DONNERSTAG TEMPERATUR VERRINGERN BERG WIEDER SCHNEE
12February_2010_Friday_tagesschau_default-4|12February_2010_Friday_tagesschau_default-4/1/*.png|Signer09|MORGEN MAL SONNE SPEZIELL ALPEN MAL BISSCHEN SCHNEE NORD MEHR STARK SCHNEE __OFF__
12January_2010_Tuesday_heute_default-6|12January_2010_Tuesday_heute_default-6/1/*.png|Signer03|IM-VERLAUF SCHNEE UMKEHREN REGEN ABER EIS REGEN VORSICHT STRASSE GLATT MOEGLICH 
12January_2010_Tuesday_heute_default-7|12January_2010_Tuesday_heute_default-7/1/*.png|Signer03|MORGEN TAG IM-VERLAUF SUEDWEST REGION BLEIBEN SO MOEGLICH SCHNEE ODER REGEN ODER
12January_2011_Wednesday_heute_default-3|12January_2011_Wednesday_heute_default-3/1/*.png|Signer05|DEUTSCH LAND ZWISCHEN ZWANZIG BIS SECHZIG LITER EIN QUADRATMETER ENORM VIEL
12January_2011_Wednesday_tagesschau_default-9|12January_2011_Wednesday_tagesschau_default-9/1/*.png|Signer05|HEUTE NACHT SIEBEN SONST REGION SECHS ZWISCHEN EIN
12July_2009_Sunday_tagesschau_default-8|12July_2009_Sunday_tagesschau_default-8/1/*.png|Signer01|__ON__ MORGEN SONNE WOLKE WECHSELHAFT NORD REGION SONNE OFT IX SCHAUER SUEDWEST ABEND GEWITTER KOENNEN __OFF__
12July_2010_Monday_heute_default-2|12July_2010_Monday_heute_default-2/1/*.png|Signer01|__ON__ DEUTSCHLAND ZWEI TEIL REGEN SCHWUEL FRISCH KUEHL
12July_2010_Monday_heute_default-11|12July_2010_Monday_heute_default-11/1/*.png|Signer01|NACH MITTAG OST REGEN GEWITTER BISSCHEN SUED ABER KUEHL REGEN MEHR AUSHALTEN KOENNEN
12July_2011_Tuesday_heute_default-6|12July_2011_Tuesday_heute_default-6/1/*.png|Signer01|__ON__ GEWITTER ENORM SUEDWEST BIS-MORGEN NACHT KOMMEN
12July_2011_Tuesday_heute_default-16|12July_2011_Tuesday_heute_default-16/1/*.png|Signer01|__ON__ NORD TEILWEISE REGEN WEST LANGSAM VERSCHWINDEN WIND KUESTE AUCH __OFF__
12March_2011_Saturday_tagesschau_default-5|12March_2011_Saturday_tagesschau_default-5/1/*.png|Signer07|ORT REGEN OST SUEDOST MEHR FREUNDLICH SCHOEN __OFF__
12March_2011_Saturday_tagesschau_default-11|12March_2011_Saturday_tagesschau_default-11/1/*.png|Signer07|__ON__ TAG TEIL NUR EIN GRAD NORD SEE SONST MILD OST SUEDOST SECHSZEHN GRAD
12May_2010_Wednesday_tagesschau_default-4|12May_2010_Wednesday_tagesschau_default-4/1/*.png|Signer01|TAG DANN SUED SUEDOST REGEN NACH MITTAG IX AUCH GEWITTER __OFF__
12November_2009_Thursday_tagesschau_default-4|12November_2009_Thursday_tagesschau_default-4/1/*.png|Signer05|NORD MORGEN BEWOELKT REGION REGEN SUED MEISTENS TROCKEN
12November_2009_Thursday_tagesschau_default-6|12November_2009_Thursday_tagesschau_default-6/1/*.png|Signer05|__ON__ IM-VERLAUF MITTE AUCH WOLKE AUFLOESEN WIND SCHWACH MAESSIG
12October_2009_Monday_tagesschau_default-7|12October_2009_Monday_tagesschau_default-7/1/*.png|Signer01|__ON__ WEST WIND SCHWACH IX WIND __OFF__
12September_2009_Saturday_tagesschau_default-3|12September_2009_Saturday_tagesschau_default-3/1/*.png|Signer04|DESWEGEN NAECHSTE WOCHE KOMMEN IM-VERLAUF NACHT NORD WOLKE BISSCHEN REGEN
12September_2009_Saturday_tagesschau_default-4|12September_2009_Saturday_tagesschau_default-4/1/*.png|Signer04|TAG SUED FREUNDLICH UNTEN KOMMEN MEHR REGEN TROPFEN
12September_2010_Sunday_tagesschau_default-17|12September_2010_Sunday_tagesschau_default-17/1/*.png|Signer01|__ON__ IN-KOMMEND WETTER WECHSELHAFT DIENSTAG MITTWOCH NORD WEHEN KOENNEN
13April_2011_Wednesday_tagesschau_default-7|13April_2011_Wednesday_tagesschau_default-7/1/*.png|Signer07|MEER AUCH SCHNEE REST REGION SONNE WOLKE NUR ORT BISSCHEN REGEN __OFF__
13August_2009_Thursday_tagesschau_default-7|13August_2009_Thursday_tagesschau_default-7/1/*.png|Signer05|WIND SCHWACH MAESSIG IX WEHEN __OFF__
13August_2011_Saturday_tagesschau_default-6|13August_2011_Saturday_tagesschau_default-6/1/*.png|Signer08|SPEZIELL SUEDOST KOENNEN ORT UNWETTER REGEN HAGEL STURM KOENNEN NORMAL WIND LEICHT MAESSIG KOMMEN WEHEN
13December_2009_Sunday_tagesschau_default-10|13December_2009_Sunday_tagesschau_default-10/1/*.png|Signer04|SUEDOST SCHNEE REGION TROCKEN MINUS ACHT BIS PLUS EINS ZWISCHEN __OFF__
13February_2010_Saturday_tagesschau_default-0|13February_2010_Saturday_tagesschau_default-0/1/*.png|Signer09|__ON__ WETTER WIE-AUSSEHEN MORGEN SONNTAG VIERZEHN FEBRUAR __OFF__
13February_2010_Saturday_tagesschau_default-7|13February_2010_Saturday_tagesschau_default-7/1/*.png|Signer09|WIE-AUSSEHEN IN-KOMMEND __OFF__ __ON__ MONTAG MAL SONNE MAL WOLKE WEST BISSCHEN SCHNEE
13July_2009_Monday_tagesschau_default-5|13July_2009_Monday_tagesschau_default-5/1/*.png|Signer05|REGION SONNE SCHAUER GEWITTER SUED IX ENORM HAGEL STARK REGEN STURM
13July_2010_Tuesday_tagesschau_default-15|13July_2010_Tuesday_tagesschau_default-15/1/*.png|Signer01|OST DRUCKFLAECHE STARK BESONDERS IN-KOMMEND KOENNEN GEWITTER REGEN __OFF__
13July_2011_Wednesday_tagesschau_default-9|13July_2011_Wednesday_tagesschau_default-9/1/*.png|Signer05|SUED IX SUED AUCH REGEN SONST MAL WOLKE SONNE MAL SONNE SCHAUER WAHRSCHEINLICH
13March_2011_Sunday_tagesschau_default-3|13March_2011_Sunday_tagesschau_default-3/1/*.png|Signer07|DANACH MITTE EUROPA AUCH WOLKE TIEF WOLKE KOMMEN REGEN REGION MOEGLICH
13May_2010_Thursday_tagesschau_default-0|13May_2010_Thursday_tagesschau_default-0/1/*.png|Signer03|__ON__ JETZT WETTER MORGEN FREITAG VIERZEHN MAI __OFF__
13May_2010_Thursday_tagesschau_default-9|13May_2010_Thursday_tagesschau_default-9/1/*.png|Signer03|SAMSTAG NORD AUCH REGEN REGION MEHR SONNE 
13November_2009_Friday_tagesschau_default-7|13November_2009_Friday_tagesschau_default-7/1/*.png|Signer09|__ON__ HEUTE NACHT DREIZEHN BIS DREI GRAD ALPEN WAHRSCHEINLICH ZWISCHEN NULL MORGEN ZEHN E IX FLUSS FUENFZEHN __OFF__
14April_2010_Wednesday_heute_default-0|14April_2010_Wednesday_heute_default-0/1/*.png|Signer05|__ON__ GUT ABEND LIEB ZUSCHAUER IN-KOMMEND FRUEHLING WETTER MORGEN WARM WOHER WARM 
14April_2010_Wednesday_heute_default-4|14April_2010_Wednesday_heute_default-4/1/*.png|Signer05|SUEDWEST SAARLAND MILD ABER UEBERWIEGEND BEWOELKT REGEN
14April_2010_Wednesday_heute_default-10|14April_2010_Wednesday_heute_default-10/1/*.png|Signer05|AUCH NORD BISSCHEN REGEN SCHOEN ABEND WUENSCHEN MACHEN GUT WUENSCHEN __OFF__
14August_2009_Friday_tagesschau_default-6|14August_2009_Friday_tagesschau_default-6/1/*.png|Signer05|FUENFZEHN NORDWEST MORGEN DAENEMARK IX ZWANZIG MAXIMAL DREISSIG GRAD
14July_2010_Wednesday_tagesschau_default-17|14July_2010_Wednesday_tagesschau_default-17/1/*.png|Signer01|IN-KOMMEND NAECHSTE SAMSTAG REGION GEWITTER SONNTAG RUHIG VERSCHWINDEN __OFF__
14July_2011_Thursday_heute_default-1|14July_2011_Thursday_heute_default-1/1/*.png|Signer08|__ON__ WETTER HEUTE MEHR RUHIG
14October_2009_Wednesday_tagesschau_default-11|14October_2009_Wednesday_tagesschau_default-11/1/*.png|Signer01|__ON__ FREITAG AUCH WAHRSCHEINLICH REGEN SUEDOST SCHNEE KOENNEN BESONDERS NORDWEST WIND STARK
14October_2010_Thursday_heute_default-4|14October_2010_Thursday_heute_default-4/1/*.png|Signer07|REGEN MITTE SUED NOCH KLAR SUED NACHT NOCH BISSCHEN TRUEB NEBEL
14October_2010_Thursday_tagesschau_default-9|14October_2010_Thursday_tagesschau_default-9/1/*.png|Signer07|__ON__ SAMSTAG REGEN BERG REGEN TEILWEISE UMWANDELN SCHNEE SCHNEIEN SCHOEN WO MEER REGION
15December_2009_Tuesday_tagesschau_default-8|15December_2009_Tuesday_tagesschau_default-8/1/*.png|Signer05|__ON__ IX WIND MOEGLICH MAESSIG FRISCH SONST REGION WIND SCHWACH VERSCHIEDEN WEHEN
15December_2010_Wednesday_tagesschau_default-0|15December_2010_Wednesday_tagesschau_default-0/1/*.png|Signer05|__ON__ JETZT WETTER WIE-AUSSEHEN MORGEN DONNERSTAG SECHSZEHNTE DEZEMBER __OFF__
15December_2010_Wednesday_tagesschau_default-6|15December_2010_Wednesday_tagesschau_default-6/1/*.png|Signer05|GLATT GEFAHR DANN STARK SCHNEE SCHNEIEN KOMMEN
15February_2010_Monday_tagesschau_default-10|15February_2010_Monday_tagesschau_default-10/1/*.png|Signer01|__ON__ NORDWEST SCHNEE BISSCHEN KOENNEN __OFF__
15February_2011_Tuesday_heute_default-2|15February_2011_Tuesday_heute_default-2/1/*.png|Signer08|__ON__ ICH ORIENTIEREN ZWEIFEL WARM KALT UNSICHER 
15February_2011_Tuesday_heute_default-10|15February_2011_Tuesday_heute_default-10/1/*.png|Signer08|__ON__ KOENNEN REGEN GLATT KALT KOENNEN
15February_2011_Tuesday_tagesschau_default-0|15February_2011_Tuesday_tagesschau_default-0/1/*.png|Signer08|__ON__ JETZT WETTER WIE-AUSSEHEN MORGEN MITTWOCH SECHSZEHN FEBRUAR ZEIGEN-BILDSCHIRM __OFF__
15July_2011_Friday_tagesschau_default-16|15July_2011_Friday_tagesschau_default-16/1/*.png|Signer08|IX MORGEN NEUNZEHN GRAD REGION SIEBEN ZWANZIG GRAD __OFF__
15October_2009_Thursday_tagesschau_default-10|15October_2009_Thursday_tagesschau_default-10/1/*.png|Signer03|__ON__ MORGEN OST REGION ZWEI GRAD REGION DREIZEHN GRAD __OFF__
15September_2010_Wednesday_heute_default-3|15September_2010_Wednesday_heute_default-3/1/*.png|Signer05|IM-VERLAUF FRUEH HERBST HEUTE NACHT HEFTIG REGEN KUESTE GEWITTER
15September_2010_Wednesday_tagesschau_default-13|15September_2010_Wednesday_tagesschau_default-13/1/*.png|Signer05|SAMSTAG NORD SCHAUER REGION FREUNDLICH SUED IM-VERLAUF REGEN
15September_2010_Wednesday_tagesschau_default-14|15September_2010_Wednesday_tagesschau_default-14/1/*.png|Signer05|SONNTAG ALPEN IX AUCH REGEN NORD SCHAUER MITTE MEHR FREUNDLICH SONNE __OFF__
16April_2010_Friday_tagesschau_default-2|16April_2010_Friday_tagesschau_default-2/1/*.png|Signer03|__ON__ HOCH KOMMEN OST KOMMEN MORGEN DEUTSCH LAND VIEL SONNE TROCKEN __OFF__
16December_2009_Wednesday_tagesschau_default-12|16December_2009_Wednesday_tagesschau_default-12/1/*.png|Signer05|__ON__ FREITAG MEHR WOLKE NICHT-SONNE NORDOST SCHNEE SCHNEIEN
16December_2011_Friday_tagesschau_default-5|16December_2011_Friday_tagesschau_default-5/1/*.png|Signer08|__ON__ KOMMEN IX KALT KOMMEN IX SCHNEE GLATT KOENNEN
16December_2011_Friday_tagesschau_default-8|16December_2011_Friday_tagesschau_default-8/1/*.png|Signer08|__ON__ MORGEN NORDOST NOCH REGEN SCHNEE REGEN BERG IX NOCH SCHNEE DURCHGEHEND
16February_2010_Tuesday_tagesschau_default-13|16February_2010_Tuesday_tagesschau_default-13/1/*.png|Signer01|__ON__ OST WOLKE BEWOELKT FREUNDLICH __OFF__
16January_2010_Saturday_tagesschau_default-4|16January_2010_Saturday_tagesschau_default-4/1/*.png|Signer05|WEST TEIL SCHNEE SCHNEIEN TEIL REGEN HEUTE NACHT MOEGLICH REGEN MIT EIS GLATT GEFAHR
16July_2011_Saturday_tagesschau_default-5|16July_2011_Saturday_tagesschau_default-5/1/*.png|Signer05|NACHT KOMMEN REGEN STARK OST SUEDOST KLAR SEHEN STERN KOENNEN
16May_2010_Sunday_tagesschau_default-5|16May_2010_Sunday_tagesschau_default-5/1/*.png|Signer08|__ON__ NORD HEUTE NACHT KLAR HIMMEL STERN KOENNEN SEHEN SUEDWEST REGEN KOENNEN NEBEL BEREICH __OFF__
16September_2010_Thursday_tagesschau_default-3|16September_2010_Thursday_tagesschau_default-3/1/*.png|Signer05|UNGEMUETLICH SUED BESSER ALS NORD HEUTE NACHT NORD MITTE
16September_2010_Thursday_tagesschau_default-8|16September_2010_Thursday_tagesschau_default-8/1/*.png|Signer05|__ON__ HEUTE NACHT ZWISCHEN FUENF ZWISCHEN TAG MITTE BERG DREIZEHN IX NEUNZEHN GRAD __OFF__
17April_2010_Saturday_tagesschau_default-2|17April_2010_Saturday_tagesschau_default-2/1/*.png|Signer03|__ON__ LUFT DRUCK HOCH DESHALB MORGEN SONNE UEBERALL 
17April_2011_Sunday_tagesschau_default-2|17April_2011_Sunday_tagesschau_default-2/1/*.png|Signer04|__ON__ HEUTE REGION HOCH KOMMEN ABER SONNE IX SCHWIERIG SCHEINEN
17February_2011_Thursday_tagesschau_default-2|17February_2011_Thursday_tagesschau_default-2/1/*.png|Signer07|__ON__ WETTER SO KNAPP VERAENDERN MEISTENS BLEIBEN WOLKE TROCKEN WETTER
17February_2011_Thursday_tagesschau_default-4|17February_2011_Thursday_tagesschau_default-4/1/*.png|Signer07|HIMMEL HEUTE FAST ALLE WOLKE BESONDERS WEST MEHR BISSCHEN KLAR OST MEHR REGEN SCHNEE
17February_2011_Thursday_tagesschau_default-11|17February_2011_Thursday_tagesschau_default-11/1/*.png|Signer07|MOEGLICH BISSCHEN ORT SONNE MOEGLICH MORGEN BISSCHEN REGEN ODER SCHNEE
17January_2010_Sunday_tagesschau_default-7|17January_2010_Sunday_tagesschau_default-7/1/*.png|Signer05|__ON__ TAG HAUPTSAECHLICH WOLKE NEBEL DANN TEIL SCHNEE SCHNEIEN REGEN SUEDWEST BISSCHEN SONNE __OFF__
17January_2011_Monday_tagesschau_default-3|17January_2011_Monday_tagesschau_default-3/1/*.png|Signer07|BISSCHEN DABEI AUCH REGEN SUED NOCH BISSCHEN NOCH WETTER GUT WETTER
17January_2011_Monday_tagesschau_default-5|17January_2011_Monday_tagesschau_default-5/1/*.png|Signer07|REST REGION MEHR MEISTENS WOLKE BESONDERS KUESTE IX MEHR REGEN
17May_2010_Monday_tagesschau_default-7|17May_2010_Monday_tagesschau_default-7/1/*.png|Signer08|NORD AUCH REGEN DABEI SUEDWEST BLEIBEN TROCKEN __OFF__
17May_2010_Monday_tagesschau_default-12|17May_2010_Monday_tagesschau_default-12/1/*.png|Signer08|__ON__ WIE-AUSSEHEN IN-KOMMEND MITTWOCH BLEIBEN WOLKE IX KOENNEN REGEN WEST KOENNEN SONNE __OFF__
17October_2009_Saturday_tagesschau_default-2|17October_2009_Saturday_tagesschau_default-2/1/*.png|Signer04|__ON__ TIEF REGION SCHWACH MORGEN SOLL EINFLUSS OST REGION SUED
17October_2009_Saturday_tagesschau_default-7|17October_2009_Saturday_tagesschau_default-7/1/*.png|Signer04|__ON__ WIND SCHWACH WEHEN __OFF__
17October_2009_Saturday_tagesschau_default-12|17October_2009_Saturday_tagesschau_default-12/1/*.png|Signer04|__ON__ MITTWOCH WEST WOLKE ACHT BIS SECHSZEHN NEBEL KUEHL __OFF__
18April_2011_Monday_tagesschau_default-4|18April_2011_Monday_tagesschau_default-4/1/*.png|Signer01|__ON__ HOCH REGION BIS FREITAG MEISTENS WETTER FREUNDLICH SONNE TEMPERATUR STEIGEN __OFF__
18February_2010_Thursday_tagesschau_default-5|18February_2010_Thursday_tagesschau_default-5/1/*.png|Signer04|IX MORGEN LANG REGEN TEIL GEFRIEREN
18May_2010_Tuesday_tagesschau_default-12|18May_2010_Tuesday_tagesschau_default-12/1/*.png|Signer08|SAMSTAG MEHR SONNE WOLKE KAUM __OFF__
18November_2009_Wednesday_tagesschau_default-6|18November_2009_Wednesday_tagesschau_default-6/1/*.png|Signer05|WENN KLAR MOEGLICH NEBEL NORD MORGEN UEBERWIEGEND WOLKE TROPFEN SPAETER VERSCHWINDEN
18November_2009_Wednesday_tagesschau_default-7|18November_2009_Wednesday_tagesschau_default-7/1/*.png|Signer05|WENN NEBEL NICHT-HABEN FREUNDLICH OST NACHT GEFAHR WIND
18November_2011_Friday_tagesschau_default-4|18November_2011_Friday_tagesschau_default-4/1/*.png|Signer04|__ON__ WOLKE REGION SCHAFFEN NUR NORDWEST KOMMEN __OFF__
18October_2010_Monday_heute_default-8|18October_2010_Monday_heute_default-8/1/*.png|Signer04|REGEN SCHNEE GRAUPEL BIS VIERHUNDERT FUENFHUNDERT METER NUR SUED MEHR FREUNDLICH JETZT WUENSCHEN SCHOEN ABEND __OFF__
18September_2010_Saturday_tagesschau_default-10|18September_2010_Saturday_tagesschau_default-10/1/*.png|Signer07|MITTWOCH ALLE GUT SONNE SCHOEN SECHSZEHN BIS FUENF ZWANZIG GRAD __OFF__
19April_2010_Monday_heute_default-5|19April_2010_Monday_heute_default-5/1/*.png|Signer08|__ON__ MITTE EUROPA VIEL REGEN NICHT NEIN __OFF__
19April_2010_Monday_heute_default-15|19April_2010_Monday_heute_default-15/1/*.png|Signer08|__ON__ SUED MEHR RUHIG FREUNDLICH BISSCHEN MILD __OFF__
19April_2011_Tuesday_heute_default-16|19April_2011_Tuesday_heute_default-16/1/*.png|Signer01|__ON__ IN-KOMMEND MEHR WIE TATSAECHLICH SPUEREN PASSEN SOMMER WEST
19August_2010_Thursday_tagesschau_default-12|19August_2010_Thursday_tagesschau_default-12/1/*.png|Signer03|__ON__ SAMSTAG HAUPTSAECHLICH SONNE NORD BISSCHEN REGEN
19February_2010_Friday_tagesschau_default-9|19February_2010_Friday_tagesschau_default-9/1/*.png|Signer09|ANDERE FREUNDLICH SONNE NAECHSTE WOCHE MILD ABER WECHSELHAFT __OFF__
19January_2011_Wednesday_heute_default-2|19January_2011_Wednesday_heute_default-2/1/*.png|Signer07|IN-KOMMEND TAG BLEIBEN KALT MITTE EUROPA UNGEFAEHR NULL ZWISCHEN MITTE MEER ZEHN BIS FUENFZEHN
19January_2011_Wednesday_heute_default-6|19January_2011_Wednesday_heute_default-6/1/*.png|Signer07|BESONDERS WEST SCHWARZ WALD REGION BERG AUCH E+R+Z BERG IX AUCH BISSCHEN SCHNEE
19January_2011_Wednesday_tagesschau_default-0|19January_2011_Wednesday_tagesschau_default-0/1/*.png|Signer07|__ON__ JETZT WETTER VORAUS INFORMIEREN MORGEN DONNERSTAG ZWANZIG JANUAR __OFF__
19July_2009_Sunday_tagesschau_default-2|19July_2009_Sunday_tagesschau_default-2/1/*.png|Signer09|__OFF__ MONTAG MEISTENS TIEF DRUCK REGION LUFT MEER LUFT KOMMEN ABER SUEDWEST TATSAECHLICH HOCH DRUCK REGION
19March_2011_Saturday_tagesschau_default-6|19March_2011_Saturday_tagesschau_default-6/1/*.png|Signer04|MORGEN FRUEH VERSCHWINDEN LANGSAM SCHNELL NORDOST BISSCHEN WOLKE BLEIBEN TROCKEN
19March_2011_Saturday_tagesschau_default-11|19March_2011_Saturday_tagesschau_default-11/1/*.png|Signer04|TAG BESSER WARM STEIGEN KUESTE BISSCHEN WOLKE ABER NICHT-REGEN NICHT-HABEN __OFF__
19May_2010_Wednesday_heute_default-6|19May_2010_Wednesday_heute_default-6/1/*.png|Signer03|WEST FLUSS WEST REGION NACH MITTAG BESSER SONNE MOEGLICH 
19October_2009_Monday_tagesschau_default-0|19October_2009_Monday_tagesschau_default-0/1/*.png|Signer09|__ON__ JETZT WETTER WIE-AUSSEHEN MORGEN __OFF__
20April_2011_Wednesday_tagesschau_default-5|20April_2011_Wednesday_tagesschau_default-5/1/*.png|Signer05|__ON__ SUEDWEST DEUTSCH LAND BISSCHEN FEUCHT KOMMEN IX MOEGLICH SCHAUER GEWITTER WAHRSCHEINLICH
20December_2010_Monday_tagesschau_default-3|20December_2010_Monday_tagesschau_default-3/1/*.png|Signer01|NORD KALT KOMMEN ZONE DAZWISCHEN __OFF__
20December_2010_Monday_tagesschau_default-8|20December_2010_Monday_tagesschau_default-8/1/*.png|Signer01|__ON__ NORD FLUSS SUED TROCKEN IX ZONE KOENNEN REGEN TEILWEISE SCHNEE REGEN UMWANDELN GEFRIEREN __OFF__
20December_2010_Monday_tagesschau_default-14|20December_2010_Monday_tagesschau_default-14/1/*.png|Signer01|__ON__ NEUN GRAD REGION MINUS ACHT NORDOST __OFF__
20February_2011_Sunday_tagesschau_default-0|20February_2011_Sunday_tagesschau_default-0/1/*.png|Signer04|__ON__ WETTER WIE-AUSSEHEN MORGEN MONTAG EINS ZWANZIG FEBRUAR __OFF__
20February_2011_Sunday_tagesschau_default-3|20February_2011_Sunday_tagesschau_default-3/1/*.png|Signer04|REGION WOLKE KLAR TROCKEN AM-TAG REGION SCHNEE FLUSS REGEN
20January_2010_Wednesday_heute_default-12|20January_2010_Wednesday_heute_default-12/1/*.png|Signer01|__ON__ DAZU OST WEHEN __OFF__
20July_2010_Tuesday_heute_default-4|20July_2010_Tuesday_heute_default-4/1/*.png|Signer03|JETZT IM-MOMENT NACHT NOCH WARM IX MORGEN FRUEH MEHR KUEHL
20July_2010_Tuesday_tagesschau_default-2|20July_2010_Tuesday_tagesschau_default-2/1/*.png|Signer03|__ON__ HOCH OST KOMMEN MORGEN SOLL EINFLUSS DEUTSCH LAND
20July_2010_Tuesday_tagesschau_default-8|20July_2010_Tuesday_tagesschau_default-8/1/*.png|Signer03|__ON__ HEUTE NACHT RUHRGEBIET ZWANZIG GRAD MITTE BERG MOEGLICH ELF GRAD
20June_2011_Monday_heute_default-3|20June_2011_Monday_heute_default-3/1/*.png|Signer07|EINS EINHALB HALB STUNDE SPAETER ANFANG REGEN DANN WETTER WECHSELHAFT
20June_2011_Monday_heute_default-11|20June_2011_Monday_heute_default-11/1/*.png|Signer07|MITTE ZONE NICHT-MOEGEN STARK WOLKE ODER REGEN
20June_2011_Monday_tagesschau_default-5|20June_2011_Monday_tagesschau_default-5/1/*.png|Signer07|BIS MORGEN MITTE DEUTSCH LAND KOMMEN TAG IX REGEN AUCH KOMMEN OST
20March_2010_Saturday_heute_default-6|20March_2010_Saturday_heute_default-6/1/*.png|Signer01|MORGEN WEST VERBREITEN AB MITTAG NOCH-NICHT MITTE SUED REGION MEHR GEWITTER KOENNEN
20March_2010_Saturday_heute_default-13|20March_2010_Saturday_heute_default-13/1/*.png|Signer01|__ON__ IN-KOMMEND MEHR KUEHL WENIGER WIND STARK BERG REGION REGEN
20May_2010_Thursday_tagesschau_default-0|20May_2010_Thursday_tagesschau_default-0/1/*.png|Signer03|__ON__ JETZT WETTER MORGEN FREITAG EINS ZWANZIG MAI __OFF__
20November_2010_Saturday_tagesschau_default-3|20November_2010_Saturday_tagesschau_default-3/1/*.png|Signer04|AB MONTAG DAS-IST-ES DEUTSCH EINFLUSS REGEN IX WIND UND SCHNEE STUFENWEISE GRENZE
20November_2011_Sunday_tagesschau_default-3|20November_2011_Sunday_tagesschau_default-3/1/*.png|Signer04|MISCHUNG NEBEL HOCH NEBEL SONNE BLEIBEN
20October_2009_Tuesday_tagesschau_default-0|20October_2009_Tuesday_tagesschau_default-0/1/*.png|Signer09|__ON__ JETZT WIE-AUSSEHEN WETTER MORGEN MITTWOCH EINS ZWANZIG OKTOBER __OFF__
20October_2009_Tuesday_tagesschau_default-6|20October_2009_Tuesday_tagesschau_default-6/1/*.png|Signer09|ABEND FLUSS WEST REGION MOEGLICH REGEN WIND WEHEN MAESSIG WEHEN
20October_2010_Wednesday_heute_default-0|20October_2010_Wednesday_heute_default-0/1/*.png|Signer05|__ON__ HALLO GUT ABEND WINTER SCHON HABEN MITTE BERG SCHON WEISS BODEN
20October_2010_Wednesday_heute_default-8|20October_2010_Wednesday_heute_default-8/1/*.png|Signer05|MEISTENS IX REGION SCHAUER IX SUED DANN RUHIG MEHR TROCKEN AUCH BISSCHEN SONNE __OFF__
20September_2010_Monday_heute_default-5|20September_2010_Monday_heute_default-5/1/*.png|Signer01|DABEI NORD MEHR MILD ABER TAGSUEBER IX MEHR KUEHL __OFF__
20September_2010_Monday_tagesschau_default-5|20September_2010_Monday_tagesschau_default-5/1/*.png|Signer01|REGION STERN KOENNEN SEHEN BESONDERS NAEHE FLUSS NEBEL FELD
21April_2010_Wednesday_heute_default-1|21April_2010_Wednesday_heute_default-1/1/*.png|Signer08|TEIL WENN NORD ZEHN GRAD EUROPA VERBREITEN WARM ZWANZIG BIS FUENF ZWANZIG GRAD
21April_2010_Wednesday_heute_default-12|21April_2010_Wednesday_heute_default-12/1/*.png|Signer08|__ON__ WOCHE WARM AUCH SONNE JEDEN-TAG GRAD STEIGEN BIS ZWEIZWANZIG
21April_2010_Wednesday_heute_default-15|21April_2010_Wednesday_heute_default-15/1/*.png|Signer08|__ON__ SCHOEN ABEND WUENSCHEN __OFF__
21August_2011_Sunday_tagesschau_default-6|21August_2011_Sunday_tagesschau_default-6/1/*.png|Signer08|SUEDWEST SOWIESO STERN KOENNEN SEHEN MITTE REGION WOLKE MORGEN KOENNEN REGEN GEWITTER __OFF__
21January_2011_Friday_tagesschau_default-5|21January_2011_Friday_tagesschau_default-5/1/*.png|Signer04|NORDWEST REGEN ODER SCHNEE VORSICHT GLATT KOENNEN
21July_2009_Tuesday_tagesschau_default-2|21July_2009_Tuesday_tagesschau_default-2/1/*.png|Signer04|DIESE WARNUNG UNWETTER DEUTSCH WETTER DIENST HAUPTSAECHLICH NORD MITTE REGEN GEWITTER
21June_2011_Tuesday_tagesschau_default-5|21June_2011_Tuesday_tagesschau_default-5/1/*.png|Signer07|SUEDOST SCHOEN REST NICHT-REGION SCHON REGEN
21November_2009_Saturday_tagesschau_default-6|21November_2009_Saturday_tagesschau_default-6/1/*.png|Signer04|KOMMEN LOCH ABER TROTZDEM SCHAUER SUEDOST SCHWACH WEHEN MAESSIG
21November_2009_Saturday_tagesschau_default-9|21November_2009_Saturday_tagesschau_default-9/1/*.png|Signer04|NAECHSTE WOCHE WECHSELHAFT WOLKE TEIL REGEN AUCH WIND
21November_2011_Monday_heute_default-10|21November_2011_Monday_heute_default-10/1/*.png|Signer07|SUED NEBEL REGION KOENNEN LANG NEBEL WENN SONNE HABEN DANN SCHAFFEN ELF GRAD NEBEL NUR DREI GRAD __OFF__
21November_2011_Monday_heute_default-13|21November_2011_Monday_heute_default-13/1/*.png|Signer07|FREITAG KOENNEN SCHAUEN BISSCHEN MEHR REGEN WIEDER HABEN
21October_2009_Wednesday_tagesschau_default-4|21October_2009_Wednesday_tagesschau_default-4/1/*.png|Signer04|FRANKREICH KOMMEN WOLKE OST NIEDERSACHSEN BAYERN SUEDWEST REGEN
22April_2010_Thursday_heute_default-9|22April_2010_Thursday_heute_default-9/1/*.png|Signer03|MORGEN SONNE UEBERALL KUESTE REGION WOLKE MOEGLICH MOEGLICH REGEN NICHT-VIEL 
22April_2010_Thursday_heute_default-14|22April_2010_Thursday_heute_default-14/1/*.png|Signer03|TROCKEN ENORM ABEND WUENSCHEN __OFF__
22April_2010_Thursday_tagesschau_default-5|22April_2010_Thursday_tagesschau_default-5/1/*.png|Signer03|__ON__ HEUTE NACHT KLAR HIMMEL STERN KOENNEN SEHEN MORGEN HAUPTSAECHLICH
22August_2010_Sunday_tagesschau_default-7|22August_2010_Sunday_tagesschau_default-7/1/*.png|Signer05|__ON__ WIND MAESSIG FRISCH KUESTE IX STARK WENN GEWITTER IX DANN STURM MOEGLICH __OFF__
22December_2010_Wednesday_tagesschau_default-7|22December_2010_Wednesday_tagesschau_default-7/1/*.png|Signer01|KUESTE STARK WEHEN STURM SCHNEE WEHEN KOENNEN __OFF__
22January_2010_Friday_tagesschau_default-3|22January_2010_Friday_tagesschau_default-3/1/*.png|Signer04|TAG VIEL WOLKE NEBEL BLEIBEN TROCKEN IX SONNE MOEGLICH
22January_2011_Saturday_tagesschau_default-3|22January_2011_Saturday_tagesschau_default-3/1/*.png|Signer04|REGION TIEF KOMMEN WOLKE
22January_2011_Saturday_tagesschau_default-7|22January_2011_Saturday_tagesschau_default-7/1/*.png|Signer04|REGION MEISTENS WOLKE BISSCHEN REGEN SCHNEE WIND SCHWACH WEHEN __OFF__
22January_2011_Saturday_tagesschau_default-10|22January_2011_Saturday_tagesschau_default-10/1/*.png|Signer04|REGION MORGEN SECHS BERG ALLGAEU KALT MINUS VIER
22July_2010_Thursday_tagesschau_default-0|22July_2010_Thursday_tagesschau_default-0/1/*.png|Signer05|__ON__ JETZT WETTER MORGEN FREITAG DREI ZWANZIG JULI __OFF__
22July_2010_Thursday_tagesschau_default-2|22July_2010_Thursday_tagesschau_default-2/1/*.png|Signer05|__ON__ SKANDINAVIEN NORD WOLKE TIEF AUCH DEUTSCHLAND REGION KOMMEN NOCH UNWETTER MOEGLICH
22June_2011_Wednesday_heute_default-2|22June_2011_Wednesday_heute_default-2/1/*.png|Signer07|SO GEWITTER VON HOCH IX REGION NORD EUROPA REGION WARM LUFT KOMMEN KUEHL LUFT WEST KOMMEN
22June_2011_Wednesday_heute_default-5|22June_2011_Wednesday_heute_default-5/1/*.png|Signer07|SO STARK REGEN REGION MORGEN AUCH TEIL BLEIBEN REGEN SUEDOST REGEN TEIL GEWITTER HABEN
22March_2011_Tuesday_tagesschau_default-5|22March_2011_Tuesday_tagesschau_default-5/1/*.png|Signer08|__ON__ NACHT WOLKE KOMMEN BLEIBEN KLAR HIMMEL STERN SEHEN
22November_2009_Sunday_tagesschau_default-10|22November_2009_Sunday_tagesschau_default-10/1/*.png|Signer04|__ON__ NACHT TEMPERATUR VIER BIS NEUN MORGEN DREI BIS NEUN HOCH BIS ZEHN BIS VIERZEHN __OFF__
22November_2010_Monday_heute_default-5|22November_2010_Monday_heute_default-5/1/*.png|Signer01|BESONDERS MITTE REGION SUED DANN KALT __OFF__
22November_2010_Monday_heute_default-9|22November_2010_Monday_heute_default-9/1/*.png|Signer01|__ON__ NORDWEST SONNE WAHRSCHEINLICH DABEI DANN SCHNEE REGEN
22November_2011_Tuesday_tagesschau_default-2|22November_2011_Tuesday_tagesschau_default-2/1/*.png|Signer07|__ON__ MORGEN WIEDER WETTER RUHIG FREUNDLICH WETTER HOCH DRUCK
23April_2010_Friday_tagesschau_default-7|23April_2010_Friday_tagesschau_default-7/1/*.png|Signer04|__ON__ NACHT MINUS DREI BIS PLUS VIER NORD PLUS FUENF IX MORGEN ZEHN BIS FUENFZEHN REGION SECHSZEHN BIS DREI ZWANZIG __OFF__
23August_2010_Monday_heute_default-2|23August_2010_Monday_heute_default-2/1/*.png|Signer08|FRISCH MORGEN ANGENEHM DEUTSCH LAND ABER IM-MOMENT DANN VIEL REGEN REGION OST REGION OST LANGSAM
23August_2010_Monday_tagesschau_default-3|23August_2010_Monday_tagesschau_default-3/1/*.png|Signer08|WOLKE DABEI HEUTE NACHT KOENNEN REGEN KOMMEN SUEDOST REGEN DAZU KOENNEN GEWITTER
23August_2010_Monday_tagesschau_default-12|23August_2010_Monday_tagesschau_default-12/1/*.png|Signer08|KOENNEN REGEN WIND KOENNEN SUED MEHR FREUNDLICH __OFF__
23December_2010_Thursday_tagesschau_default-0|23December_2010_Thursday_tagesschau_default-0/1/*.png|Signer07|__ON__ JETZT WETTER VORAUSSAGE MORGEN FREITAG VIER ZWANZIG DEZEMBER __OFF__
23February_2011_Wednesday_heute_default-12|23February_2011_Wednesday_heute_default-12/1/*.png|Signer05|ABER UEBER FUENFHUNDERT SECHSHUNDERT METER SCHNEE SCHNEIEN SCHOEN ABEND MACHEN EUCH GUT __OFF__
23February_2011_Wednesday_tagesschau_default-5|23February_2011_Wednesday_tagesschau_default-5/1/*.png|Signer05|IX OST UND SUEDOST TAG SONNE SONST REGION BISSCHEN SCHNEE SCHNEIEN ODER REGEN MIT FROST
23January_2011_Sunday_tagesschau_default-11|23January_2011_Sunday_tagesschau_default-11/1/*.png|Signer04|AUCH DIENSTAG WOLKE MEHR REGEN ODER SCHNEE
23January_2013_Wednesday_tagesschau_default-2|23January_2013_Wednesday_tagesschau_default-2/1/*.png|Signer07|WEST REGEN REGION HEUTE NACHT VIEL WOLKE BISSCHEN IX REGEN SCHNEE BESONDERS BERG IX
23July_2011_Saturday_tagesschau_default-5|23July_2011_Saturday_tagesschau_default-5/1/*.png|Signer04|SPAETER REGEN UEBERALL REGION
23March_2011_Wednesday_tagesschau_default-8|23March_2011_Wednesday_tagesschau_default-8/1/*.png|Signer05|__ON__ NORDOST WIEDER WOLKE ABER SONST NUR BISSCHEN WOLKE __OFF__
23May_2011_Monday_heute_default-5|23May_2011_Monday_heute_default-5/1/*.png|Signer08|DANN REGEN VERSCHWINDEN WIND STURM WEST KOMMEN
23May_2011_Monday_heute_default-7|23May_2011_Monday_heute_default-7/1/*.png|Signer08|DANN ABEND KOENNEN BISSCHEN REGEN GEWITTER BERG IX __OFF__
23May_2011_Monday_heute_default-11|23May_2011_Monday_heute_default-11/1/*.png|Signer08|REGEN GEWITTER VIEL REGEN NICHT-HABEN SCHOEN ABEND TSCHUESS MACHEN TSCHUESS __OFF__
23May_2011_Monday_tagesschau_default-3|23May_2011_Monday_tagesschau_default-3/1/*.png|Signer08|IX NORD TIEF KOMMEN WOLKE KOMMEN __OFF__
23November_2011_Wednesday_tagesschau_default-0|23November_2011_Wednesday_tagesschau_default-0/1/*.png|Signer05|__ON__ JETZT WIE-AUSSEHEN WETTER MORGEN DONNERSTAG VIER ZWANZIG NOVEMBER __OFF__
23November_2011_Wednesday_tagesschau_default-6|23November_2011_Wednesday_tagesschau_default-6/1/*.png|Signer05|__ON__ NORDWEST WOLKE MANCHMAL SONNE BISSCHEN IX S+H IX REGEN __OFF__
23November_2011_Wednesday_tagesschau_default-11|23November_2011_Wednesday_tagesschau_default-11/1/*.png|Signer05|__ON__ DONNERSTAG DANN WIEDER MEHR WIND IX WIND KOMMEN ANFANG IX REGEN KOMMEN GLEICH
23September_2009_Wednesday_tagesschau_default-5|23September_2009_Wednesday_tagesschau_default-5/1/*.png|Signer01|__ON__ WOCHE DANN HOCH KOMMEN WARM MITTE NORD HEUTE NACHT BISSCHEN REGEN IX TAG __OFF__
23September_2009_Wednesday_tagesschau_default-13|23September_2009_Wednesday_tagesschau_default-13/1/*.png|Signer01|__ON__ SONNTAG SCHEINEN ALPEN AUCH SCHAUER MOEGLICH __OFF__
23September_2010_Thursday_heute_default-6|23September_2010_Thursday_heute_default-6/1/*.png|Signer01|TEILWEISE BAYERN WEST AUS FUENF ZWANZIG VIERZEHN BIS ACHTZEHN GRAD 
23September_2010_Thursday_tagesschau_default-10|23September_2010_Thursday_tagesschau_default-10/1/*.png|Signer01|__ON__ REGION BIS ABEND TROCKEN __OFF__
23September_2010_Thursday_tagesschau_default-18|23September_2010_Thursday_tagesschau_default-18/1/*.png|Signer01|__ON__ SONNTAG AUCH WIE-IMMER WIE-IMMER __OFF__
24April_2010_Saturday_tagesschau_default-2|24April_2010_Saturday_tagesschau_default-2/1/*.png|Signer04|__ON__ MORGEN AUCH HOCH LUFT VIEL SONNE DANN DAZU WARM
24August_2009_Monday_heute_default-3|24August_2009_Monday_heute_default-3/1/*.png|Signer09|MILD STERN KLAR SEHEN KOENNEN SOMMER NACHT TYPISCH
24December_2010_Friday_tagesschau_default-2|24December_2010_Friday_tagesschau_default-2/1/*.png|Signer07|__ON__ TIEF SUED SUEDOST HOCH LUFT DRUCK NORDWEST BEWOELKT LUFT KALT LUFT KOMMEN
24December_2010_Friday_tagesschau_default-3|24December_2010_Friday_tagesschau_default-3/1/*.png|Signer07|MEHR SCHNEE SCHNEIEN MOEGLICH SCHNEIEN AUCH MOEGLICH WETTER WARNUNG VON DEUTSCH WETTER DIENST
24January_2010_Sunday_tagesschau_default-4|24January_2010_Sunday_tagesschau_default-4/1/*.png|Signer04|HAUPTSAECHLICH NORD TROCKEN REGION SCHNEE SUEDWEST DIESE REGEN DABEI
24January_2010_Sunday_tagesschau_default-6|24January_2010_Sunday_tagesschau_default-6/1/*.png|Signer04|__ON__ SUED SCHWACH WEHEN IX MAESSIG WEHEN __OFF__
24January_2011_Monday_heute_default-7|24January_2011_Monday_heute_default-7/1/*.png|Signer01|MORGEN MEISTENS ZWEI BIS SECHS GRAD ABER BAYERN REGION BISSCHEN KALT MITTE REGION AUCH __OFF__
24January_2011_Monday_heute_default-11|24January_2011_Monday_heute_default-11/1/*.png|Signer01|REGEN REGION UND IX TEILWEISE AUCH SONNE DABEI
24January_2011_Monday_heute_default-12|24January_2011_Monday_heute_default-12/1/*.png|Signer01| MITTWOCH SONNE NICHT NUR WEST SCHNEE REGEN MISCHUNG DANN BEISEITE
24January_2011_Monday_tagesschau_default-2|24January_2011_Monday_tagesschau_default-2/1/*.png|Signer01|__ON__ NORD EUROPA TIEF KOMMEN __OFF__
24January_2011_Monday_tagesschau_default-15|24January_2011_Monday_tagesschau_default-15/1/*.png|Signer01|__ON__ WIND WEHEN FRISCH KOMMEN HOCH STURM __OFF__
24January_2013_Thursday_heute_default-2|24January_2013_Thursday_heute_default-2/1/*.png|Signer07|__ON__ ENDLICH SONNE ABER DEUTSCH KAUM NORD DEUTSCH BISSCHEN SONNE DANN FLUSS REGION AUCH SONNE
24January_2013_Thursday_heute_default-11|24January_2013_Thursday_heute_default-11/1/*.png|Signer07|ABER MILD MEHR MEER IX ODER SUEDWEST MINUS EIN MINUS ZWEI GRAD UNGEFAEHR MEHR
24January_2013_Thursday_tagesschau_default-3|24January_2013_Thursday_tagesschau_default-3/1/*.png|Signer07|OST SUEDOST UEBERWIEGEND WOLKE BISSCHEN SCHNEE REST WOLKE IX MEHR STERN KOENNEN SEHEN KLAR HIMMEL
24January_2013_Thursday_tagesschau_default-8|24January_2013_Thursday_tagesschau_default-8/1/*.png|Signer07|HEUTE NACHT KLAR HIMMEL KOENNEN MINUS FUENFZEHN GRAD NORDOST WEHEN MINUS DREI GRAD
24July_2010_Saturday_tagesschau_default-4|24July_2010_Saturday_tagesschau_default-4/1/*.png|Signer04|OST SUEDOST ZONE HEUTE NACHT STARK BEWOELKT
24July_2011_Sunday_tagesschau_default-3|24July_2011_Sunday_tagesschau_default-3/1/*.png|Signer04|DARUNTER TAG IM-VERLAUF MEHR WARM TROTZDEM BLEIBEN SCHAUER GEWITTER NOCH
24June_2011_Friday_tagesschau_default-7|24June_2011_Friday_tagesschau_default-7/1/*.png|Signer05|IX MORGEN IM-VERLAUF IX ANFANG FREUNDLICH ABER WOLKE KOMMEN OST
24June_2011_Friday_tagesschau_default-9|24June_2011_Friday_tagesschau_default-9/1/*.png|Signer05|NORDOST IX NICHT-VIEL NICHT-VIEL NICHT-WOLKE NICHT-VIEL NICHT-WOLKE ABER SCHAUER __OFF__
24June_2011_Friday_tagesschau_default-10|24June_2011_Friday_tagesschau_default-10/1/*.png|Signer05|__ON__ MORGEN IX WEHEN IX NORD FRISCH WIND
24May_2010_Monday_tagesschau_default-4|24May_2010_Monday_tagesschau_default-4/1/*.png|Signer05|NACHT TEIL WOLKE TEIL KLAR SCHAUER GEWITTER MORGEN MAL SONNE WOLKE BESONDERS NACH MITTAG
24November_2011_Thursday_heute_default-4|24November_2011_Thursday_heute_default-4/1/*.png|Signer05|NORD NUR WOLKE FROST SUED DRESDEN IX REGION BERG NULL MINUS SECHS
24October_2009_Saturday_tagesschau_default-7|24October_2009_Saturday_tagesschau_default-7/1/*.png|Signer01|__ON__ SUEDOST REGEN VIEL IX REGEN KOENNEN BESONDERS NORD TAG DANN WEST FREUNDLICH SONNE DABEI __OFF__
24September_2009_Thursday_heute_default-1|24September_2009_Thursday_heute_default-1/1/*.png|Signer05|ZWEI TIEF EUROPA IX WIE-AUSSEHEN SEHEN ZEIGEN-BILDSCHIRM KOMMEN
25April_2010_Sunday_tagesschau_default-2|25April_2010_Sunday_tagesschau_default-2/1/*.png|Signer01|AB DIENSTAG LUFT HOCH HOEHER TEMPERATUR HOEHER MEHR FREUNDLICH HEUTE NACHT WEST KOMMEN
25April_2010_Sunday_tagesschau_default-11|25April_2010_Sunday_tagesschau_default-11/1/*.png|Signer01|DONNERSTAG BIS SECHS ZWANZIG GRAD VIEL SONNE WEST MEHR SCHAUER GEWITTER __OFF__
25August_2009_Tuesday_tagesschau_default-7|25August_2009_Tuesday_tagesschau_default-7/1/*.png|Signer01|__ON__ HEUTE-NACHT STURM KOENNEN MORGEN SCHWACH MAESSIG ZEIGEN-BILDSCHIRM WIND __OFF__
25August_2009_Tuesday_tagesschau_default-11|25August_2009_Tuesday_tagesschau_default-11/1/*.png|Signer01|__ON__ MORGEN EINS ZWANZIG REGION BIS ACHT ZWANZIG UNTEN REGION __OFF__
25August_2010_Wednesday_heute_default-3|25August_2010_Wednesday_heute_default-3/1/*.png|Signer03|__ON__ HEUTE NACHT SCHON WEST REGEN LANGSAM KOMMEN FLUSS REGION NOCH
25August_2010_Wednesday_heute_default-9|25August_2010_Wednesday_heute_default-9/1/*.png|Signer03|WIE HERBST SCHOEN ABEND WUENSCHEN __OFF__
25February_2011_Friday_tagesschau_default-15|25February_2011_Friday_tagesschau_default-15/1/*.png|Signer08|DIENSTAG RUHIG TROCKEN WETTER __OFF__
25January_2010_Monday_heute_default-5|25January_2010_Monday_heute_default-5/1/*.png|Signer03|HEUTE NACHT NORD REGION KLAR HIMMEL ENORM KALT __OFF__
25January_2010_Monday_heute_default-10|25January_2010_Monday_heute_default-10/1/*.png|Signer03|TEIL SONNE SUED REGION MEHR WOLKE FLUSS ALPEN MOEGLICH SCHNEE ABER IM-VERLAUF WENIGER __OFF__
25January_2010_Monday_tagesschau_default-0|25January_2010_Monday_tagesschau_default-0/1/*.png|Signer03|__ON__ UND JETZT WETTER MORGEN DIENSTAG SECHS ZWANZIG JANUAR __OFF__
25January_2010_Monday_tagesschau_default-8|25January_2010_Monday_tagesschau_default-8/1/*.png|Signer03|__ON__ WIND NORD WEHEN WENIG UNTEN STARK WEHEN HEUTE NACHT
25January_2013_Friday_tagesschau_default-4|25January_2013_Friday_tagesschau_default-4/1/*.png|Signer06|__ON__ REGION LUFT TIEF KOMMEN DANN SONNTAG SCHNEE REGEN GEFRIEREN __OFF__
25January_2013_Friday_tagesschau_default-7|25January_2013_Friday_tagesschau_default-7/1/*.png|Signer06|MORGEN TEIL UEBERWIEGEND WOLKE TEIL SONNE OST UEBERWIEGEND MEHR SONNE DABEI
25June_2010_Friday_tagesschau_default-13|25June_2010_Friday_tagesschau_default-13/1/*.png|Signer01|__ON__ FUENFZEHN GRAD REGION SAUER LAND NUR SECHS GRAD REGION SIEBEN ZWANZIG BIS ACHT ZWANZIG GRAD
25June_2010_Friday_tagesschau_default-18|25June_2010_Friday_tagesschau_default-18/1/*.png|Signer01|__ON__ MONTAG SONNE WARM WEITER __OFF__
25May_2010_Tuesday_tagesschau_default-8|25May_2010_Tuesday_tagesschau_default-8/1/*.png|Signer05|HEUTE NACHT FLUSS VIERZEHN GRAD NORD MAXIMAL NULL
25November_2010_Thursday_tagesschau_default-5|25November_2010_Thursday_tagesschau_default-5/1/*.png|Signer05|__ON__ TAG SUEDOST SCHNEE SCHNEIEN FLACH AUCH SCHNEE SCHNEIEN NORDWEST SCHNEE SCHAUER VERSCHWINDEN __OFF__
25November_2010_Thursday_tagesschau_default-12|25November_2010_Thursday_tagesschau_default-12/1/*.png|Signer05|SONNTAG IX WOLKE TEIL FREUNDLICH TROCKEN MINUS FUENF ZWISCHEN MAXIMAL ZWEI GRAD
25October_2010_Monday_heute_default-4|25October_2010_Monday_heute_default-4/1/*.png|Signer01|AUCH DAZU WIND KOMMEN SONST SCHNEE WENIGER
25October_2010_Monday_tagesschau_default-17|25October_2010_Monday_tagesschau_default-17/1/*.png|Signer01|__ON__ MITTWOCH REGEN KOENNEN NORDWEST WAHRSCHEINLICH NORD STARK WIND __OFF__
25September_2010_Saturday_tagesschau_default-0|25September_2010_Saturday_tagesschau_default-0/1/*.png|Signer04|__ON__ JETZT WETTER WIE-AUSSEHEN MORGEN SONNTAG SECHS ZWANZIG SEPTEMBER __OFF__
26April_2010_Monday_heute_default-7|26April_2010_Monday_heute_default-7/1/*.png|Signer01|__ON__ SUEDWEST KLAR MORGEN VIER BIS NEUN GRAD TAG NORD VIEL WOLKE 
26April_2010_Monday_tagesschau_default-4|26April_2010_Monday_tagesschau_default-4/1/*.png|Signer01|__ON__ TEMPERATUR IN-KOMMEND MEHR __OFF__
26April_2010_Monday_tagesschau_default-7|26April_2010_Monday_tagesschau_default-7/1/*.png|Signer01|__ON__ TAG BESONDERS NORDOST ALPEN SCHAUER KOENNEN DANN SONNE WOLKE WECHSELHAFT SUEDWEST HAUPTSAECHLICH SONNE __OFF__
26August_2009_Wednesday_tagesschau_default-4|26August_2009_Wednesday_tagesschau_default-4/1/*.png|Signer01|__ON__ ABER REGEN WENIG __OFF__
26August_2009_Wednesday_tagesschau_default-14|26August_2009_Wednesday_tagesschau_default-14/1/*.png|Signer01|__ON__ FREITAG SUEDOST SONNE FREITAG DANN MEHR WOLKE REGEN KOENNEN __OFF__
26August_2010_Thursday_tagesschau_default-0|26August_2010_Thursday_tagesschau_default-0/1/*.png|Signer03|__ON__ JETZT WETTER MORGEN FREITAG SIEBEN ZWANZIG AUGUST __OFF__
26August_2010_Thursday_tagesschau_default-12|26August_2010_Thursday_tagesschau_default-12/1/*.png|Signer03|MOEGLICH REGEN ODER REGEN ODER GEWITTER __OFF__
26January_2010_Tuesday_heute_default-10|26January_2010_Tuesday_heute_default-10/1/*.png|Signer03|__ON__ SCHOEN ABEND WUENSCHEN __OFF__
26January_2010_Tuesday_tagesschau_default-2|26January_2010_Tuesday_tagesschau_default-2/1/*.png|Signer03|UND IM-VERLAUF UEBERALL WECHSELHAFT MOEGLICH SCHNEE SUED REGION NACHT WOLKE
26January_2013_Saturday_tagesschau_default-11|26January_2013_Saturday_tagesschau_default-11/1/*.png|Signer05|__ON__ WENN HIMMEL KLAR DOCH MEISTENS KALT FROST
26July_2010_Monday_tagesschau_default-0|26July_2010_Monday_tagesschau_default-0/1/*.png|Signer04|__ON__ JETZT WETTER WIE-AUSSEHEN MORGEN DIENSTAG SIEBEN ZWANZIG JULI __OFF__
26March_2011_Saturday_tagesschau_default-12|26March_2011_Saturday_tagesschau_default-12/1/*.png|Signer08|BERG IX DURCHGEHEND REGEN DIENSTAG UEBERALL VIEL SONNE WOLKE LOCKER TROCKEN
26May_2010_Wednesday_heute_default-2|26May_2010_Wednesday_heute_default-2/1/*.png|Signer05|ABER NACHT IM-VERLAUF VERSCHWINDEN MORGEN REGEN NORDOST SCHNELL VERSCHWINDEN SCHON SCHAUER
26November_2011_Saturday_tagesschau_default-7|26November_2011_Saturday_tagesschau_default-7/1/*.png|Signer07|NACHT SEE SCHWER STURM MORGEN ORKAN HABEN DESHALB FRISCH MAESSIG WEHEN
26October_2010_Tuesday_tagesschau_default-6|26October_2010_Tuesday_tagesschau_default-6/1/*.png|Signer01|__ON__ MORGEN NORD WEST REGEN REGION NEBEL WOLKE HIMMEL __OFF__
26October_2010_Tuesday_tagesschau_default-18|26October_2010_Tuesday_tagesschau_default-18/1/*.png|Signer01|__ON__ KUESTE WIND HABEN __OFF__
26September_2009_Saturday_tagesschau_default-0|26September_2009_Saturday_tagesschau_default-0/1/*.png|Signer05|__ON__ JETZT WETTER WIE-AUSSEHEN MORGEN SONNTAG SIEBEN ZWANZIG SEPTEMBER __OFF__
26September_2009_Saturday_tagesschau_default-2|26September_2009_Saturday_tagesschau_default-2/1/*.png|Signer05|__ON__ MEER IX BIS SCHWARZ MEER HOCH KOMMEN MORGEN MEHR SCHWACH ABER DEUTSCH LAND VIEL SONNE NUR NORD BISSCHEN WOLKE __OFF__
26September_2009_Saturday_tagesschau_default-8|26September_2009_Saturday_tagesschau_default-8/1/*.png|Signer05|HEUTE NACHT NORD ZWOELF LAND IX VIER GRAD MORGEN TAG ACHTZEHN MAXIMAL DREI ZWANZIG GRAD
27April_2010_Tuesday_tagesschau_default-6|27April_2010_Tuesday_tagesschau_default-6/1/*.png|Signer01|__ON__ NACHT KLAR HIMMEL DANN WOLKE KOMMEN __OFF__
27August_2009_Thursday_tagesschau_default-7|27August_2009_Thursday_tagesschau_default-7/1/*.png|Signer01|__ON__ NORD SUEDOST AUCH KOENNEN REGEN GEWITTER DABEI __OFF__
27August_2009_Thursday_tagesschau_default-13|27August_2009_Thursday_tagesschau_default-13/1/*.png|Signer01|SONNTAG UEBERWIEGEND SONNE NORD SCHAUER MONTAG AEHNLICH WETTER ABER BISSCHEN MEHR WARM __OFF__
27February_2011_Sunday_tagesschau_default-7|27February_2011_Sunday_tagesschau_default-7/1/*.png|Signer08|SPEZIELL VOR MITTAG WEST FLUSS WEST SACHSEN MITTE ZWISCHEN SONNE __OFF__
27January_2013_Sunday_tagesschau_default-8|27January_2013_Sunday_tagesschau_default-8/1/*.png|Signer01|__ON__ HEUTE NACHT PLUS DREI REGION NULL ZWISCHEN LEICHT FROST MINUS EIN MINUS ZWEI
27July_2010_Tuesday_heute_default-0|27July_2010_Tuesday_heute_default-0/1/*.png|Signer08|__ON__ LIEB ZUSCHAUER GUT ABEND __OFF__
27July_2010_Tuesday_heute_default-3|27July_2010_Tuesday_heute_default-3/1/*.png|Signer08|__ON__ UND IN-KOMMEND LETZTE REGEN SUED VERSCHWINDEN IX NEU REGEN KOMMEN
27June_2010_Sunday_tagesschau_default-3|27June_2010_Sunday_tagesschau_default-3/1/*.png|Signer03|DIENSTAG MITTWOCH TIEF KOMMEN MOEGLICH REGEN GEWITTER __OFF__
27June_2010_Sunday_tagesschau_default-10|27June_2010_Sunday_tagesschau_default-10/1/*.png|Signer03|DIENSTAG OST REGION SONNE REGION ABWECHSELN SONNE WOLKE WEST NORDWEST MOEGLICH REGEN GEWITTER STARK
27May_2011_Friday_tagesschau_default-2|27May_2011_Friday_tagesschau_default-2/1/*.png|Signer08|__ON__ MORGEN A HOCH KOMMEN REGION FREUNDLICH ABER
27May_2011_Friday_tagesschau_default-7|27May_2011_Friday_tagesschau_default-7/1/*.png|Signer08|__ON__ NORD NORDWEST DANACH VERDICHTEN WOLKE VERDICHTEN ANFANG REGEN __OFF__
27May_2011_Friday_tagesschau_default-16|27May_2011_Friday_tagesschau_default-16/1/*.png|Signer08|__ON__ DIENSTAG KOMMEN REGEN KOENNEN GEWITTER UNWETTER REGEN HAGEL KRAEFTIG WIND KOENNEN __OFF__
27October_2009_Tuesday_tagesschau_default-2|27October_2009_Tuesday_tagesschau_default-2/1/*.png|Signer05|__ON__ NORDOST TIEF KOMMEN WOLKE REGEN
27September_2009_Sunday_tagesschau_default-4|27September_2009_Sunday_tagesschau_default-4/1/*.png|Signer04|SUED SCHWACH WEHEN IX MAESSIG KUESTE FRISCH OST STURM NACHT TEIL BODEN FROST
28December_2011_Wednesday_tagesschau_default-5|28December_2011_Wednesday_tagesschau_default-5/1/*.png|Signer04|BERG MORGEN NOCH REGEN IX SCHAUER NORD GEWITTER
28February_2011_Monday_tagesschau_default-9|28February_2011_Monday_tagesschau_default-9/1/*.png|Signer01|__ON__ WEHEN WIND SCHWACH MAESSIG BERG FRISCH WIND
28January_2010_Thursday_tagesschau_default-10|28January_2010_Thursday_tagesschau_default-10/1/*.png|Signer05|NORDOST MINUS EINS WIE-AUSSEHEN IN-KOMMEND SAMSTAG SCHNEE SCHNEIEN BESONDERS NORD WAHRSCHEINLICH SONNE
28July_2011_Thursday_tagesschau_default-6|28July_2011_Thursday_tagesschau_default-6/1/*.png|Signer01|__ON__ WEST SUEDWEST TIEF KOMMEN SCHAUER GEWITTER KOENNEN DEUTSCH WETTER DIENST WARNUNG __OFF__
28July_2011_Thursday_tagesschau_default-19|28July_2011_Thursday_tagesschau_default-19/1/*.png|Signer01|__ON__ WOCHENENDE MEHR KUEHL __OFF__
28May_2010_Friday_tagesschau_default-2|28May_2010_Friday_tagesschau_default-2/1/*.png|Signer08|__ON__ HOCH KOMMEN OST KOMMEN ES-BEDEUTET MORGEN FREUNDLICH WETTER __OFF__
28November_2011_Monday_heute_default-6|28November_2011_Monday_heute_default-6/1/*.png|Signer07|AUCH MORGEN WETTER SUPER NICHT-HABEN FUENF GRAD NORDOST MILD WO SUEDWEST FLUSS ZWOELF GRAD
28November_2011_Monday_tagesschau_default-4|28November_2011_Monday_tagesschau_default-4/1/*.png|Signer07|NORDWEST BISSCHEN WOLKE KOMMEN TAG SUED MITTE WOLKE KRAEFTIG NEBEL
28November_2011_Monday_tagesschau_default-7|28November_2011_Monday_tagesschau_default-7/1/*.png|Signer07|NACHT FUENF GRAD SEE MINUS VIER BERG IX __OFF__
28November_2011_Monday_tagesschau_default-12|28November_2011_Monday_tagesschau_default-12/1/*.png|Signer07|ABER REGEN ERST FREITAG ABEND SUED KOMMEN REGEN BESONDERS NORDWEST MEHR WIND TEMPERATUR BISSCHEN STEIGEN WARM __OFF__
28September_2009_Monday_tagesschau_default-5|28September_2009_Monday_tagesschau_default-5/1/*.png|Signer04|__ON__ NACHT VIERZEHN NORD SECHS ALLGAEU TAG VIERZEHN NORD REGEN EINS ZWANZIG FLUSS __OFF__
28September_2012_Friday_tagesschau_default-3|28September_2012_Friday_tagesschau_default-3/1/*.png|Signer06|__ON__ SUEDWEST EUROPA SUED BEKOMMEN REGEN REGION LANG FREUNDLICH __OFF__
28September_2012_Friday_tagesschau_default-11|28September_2012_Friday_tagesschau_default-11/1/*.png|Signer06|__ON__ SUED WIND SCHWACH NORD MAESSIG FRISCH SCHAUER KUESTE BERG TEIL STURM ORKAN __OFF__
29April_2010_Thursday_heute_default-7|29April_2010_Thursday_heute_default-7/1/*.png|Signer03|MORGEN NACH MITTAG GEWITTER REGEN AUCH MORGEN TEMPERATUR ACHT BIS SECHSZEHN GRAD 
29April_2010_Thursday_heute_default-9|29April_2010_Thursday_heute_default-9/1/*.png|Signer03|ZWOELF BIS ACHTZEHN GRAD OST REGION ZUERST WARM VIER AUCH SUED BAYERN WARM 
29December_2011_Thursday_tagesschau_default-9|29December_2011_Thursday_tagesschau_default-9/1/*.png|Signer04|NORD SCHAUER OFT STURM IX BERG ORKAN HABEN
29January_2010_Friday_tagesschau_default-3|29January_2010_Friday_tagesschau_default-3/1/*.png|Signer05|MORGEN WECHSELHAFT ABER IX MORGEN BISSCHEN BESSER RUHIG NACHT SCHNEE
29January_2010_Friday_tagesschau_default-6|29January_2010_Friday_tagesschau_default-6/1/*.png|Signer05|HEUTE NACHT NULL ZWISCHEN MINUS FUENF MORGEN ZONE VIER GRAD PLUS VIER UND FLUSS EINS GRAD __OFF__
29January_2013_Tuesday_tagesschau_default-7|29January_2013_Tuesday_tagesschau_default-7/1/*.png|Signer05|REGEN UND REGION KLAR ABER NORDWEST IX REGEN AUCH GEWITTER IX NORD __OFF__
29July_2010_Thursday_heute_default-3|29July_2010_Thursday_heute_default-3/1/*.png|Signer05|KOMMEN ALPEN IX UND TEIL WAHRSCHEINLICH BISSCHEN NEBEL
29July_2010_Thursday_heute_default-7|29July_2010_Thursday_heute_default-7/1/*.png|Signer05|__ON__ TEMPERATUR WIE-AUSSEHEN MORGEN GLEICH SIEBZEHN ACHTZEHN SUEDOST WENN REGEN
29July_2010_Thursday_tagesschau_default-2|29July_2010_Thursday_tagesschau_default-2/1/*.png|Signer05|__OFF__ A HOCH KOMMEN SAMSTAG SONNTAG MEHR SONNE TEMPERATUR STEIGEN
29June_2010_Tuesday_tagesschau_default-7|29June_2010_Tuesday_tagesschau_default-7/1/*.png|Signer03|WIND NORD SCHWACH MAESSIG WEHEN SCHWACH WEHEN HEUTE NACHT TEMPERATUR ELF BIS ACHTZEHN GRAD __OFF__
29June_2010_Tuesday_tagesschau_default-11|29June_2010_Tuesday_tagesschau_default-11/1/*.png|Signer03|FREITAG UEBERWIEGEND SONNE UND SAMSTAG AUCH SONNE __OFF__
29June_2011_Wednesday_tagesschau_default-3|29June_2011_Wednesday_tagesschau_default-3/1/*.png|Signer07|MORGEN TAG KOMMEN DARUM WARNUNG DEUTSCH WETTER DIENST WARNUNG INFORMIEREN
29March_2010_Monday_tagesschau_default-0|29March_2010_Monday_tagesschau_default-0/1/*.png|Signer01|__ON__ JETZT MORGEN WETTER WIE-AUSSEHEN DIENSTAG DREISSIG MAERZ __OFF__
29March_2011_Tuesday_tagesschau_default-7|29March_2011_Tuesday_tagesschau_default-7/1/*.png|Signer01|__ON__ IX HEUTE NACHT STARK WOLKE HIMMEL SONST REGION KLAR STERN KOENNEN SEHEN
29March_2011_Tuesday_tagesschau_default-17|29March_2011_Tuesday_tagesschau_default-17/1/*.png|Signer01|ROSTOCK ACHT REGION LEIPZIG ACHTZEHN GRAD ZONE __OFF__
29May_2011_Sunday_tagesschau_default-11|29May_2011_Sunday_tagesschau_default-11/1/*.png|Signer01|__ON__ WEHEN SCHWACH MAESSIG __OFF__
29May_2011_Sunday_tagesschau_default-20|29May_2011_Sunday_tagesschau_default-20/1/*.png|Signer01|__ON__ MITTWOCH IM-VERLAUF VERSCHWINDEN FREITAG TAG WIEDER MEISTENS SONNE __OFF__
29November_2009_Sunday_tagesschau_default-6|29November_2009_Sunday_tagesschau_default-6/1/*.png|Signer03|__ON__ MORGEN REGEN KOMMEN SCHWARZ WALD BERG REGION SCHNEE SIEBENHUNDERT FUENFHUNDERT METER BERG SCHON SCHNEE
29November_2009_Sunday_tagesschau_default-9|29November_2009_Sunday_tagesschau_default-9/1/*.png|Signer03|MORGEN NEUN GRAD DREIZEHN REGION GRAD GRUND FOEHN GAENSEFUSS __OFF__
29November_2011_Tuesday_heute_default-2|29November_2011_Tuesday_heute_default-2/1/*.png|Signer07|NICHTALP-KEIN HABEN REGION HABEN NACHT MOEGLICH BISSCHEN REGEN BESONDERS NORDWEST REGEN NORD SEE IX AUCH NACHT IX EIFEL BERG AUCH BERG
29November_2011_Tuesday_heute_default-13|29November_2011_Tuesday_heute_default-13/1/*.png|Signer07|WOCHENENDE DANN STURM BEDEUTEN MEISTENS WIND SCHOEN ABEND EUCH __OFF__
29November_2011_Tuesday_tagesschau_default-2|29November_2011_Tuesday_tagesschau_default-2/1/*.png|Signer07|__ON__ WOLKE HEUTE NACHT NORDWEST WOLKE BISSCHEN REGEN
29November_2011_Tuesday_tagesschau_default-5|29November_2011_Tuesday_tagesschau_default-5/1/*.png|Signer07|TAG MEHR SUEDOST AUCH OST MEISTENS WOLKE BESONDERS TAG VOR MITTAG ZWISCHEN VORMITTAG BISSCHEN REGEN ORT
29November_2011_Tuesday_tagesschau_default-10|29November_2011_Tuesday_tagesschau_default-10/1/*.png|Signer07|__ON__ NACHT SECHS GRAD SEE MINUS DREI FLUSS __OFF__
29October_2009_Thursday_tagesschau_default-0|29October_2009_Thursday_tagesschau_default-0/1/*.png|Signer05|__ON__ JETZT WETTER WIE-AUSSEHEN MORGEN DREISSIG OKTOBER __OFF__
29September_2009_Tuesday_tagesschau_default-6|29September_2009_Tuesday_tagesschau_default-6/1/*.png|Signer04|SUED SCHWACH NORD MAESSIG KUESTE STARK STURM __OFF__
29September_2011_Thursday_heute_default-11|29September_2011_Thursday_heute_default-11/1/*.png|Signer05|DANN MONTAG IX NORD SCHON UMWANDELN SCHOEN ABEND EUCH MACHEN GUT EUCH __OFF__
29September_2011_Thursday_tagesschau_default-3|29September_2011_Thursday_tagesschau_default-3/1/*.png|Signer05|MONTAG MEER TIEF IX DEUTSCH NORD DEUTSCH LAND IX NORD IX KOMMEN DANN KUEHL KOMMEN
29September_2012_Saturday_tagesschau_default-14|29September_2012_Saturday_tagesschau_default-14/1/*.png|Signer06|__ON__ MONTAG VIEL REGION FREUNDLICH KUESTE SUEDOST KURZ WOLKE TEIL REGEN __OFF__
29September_2012_Saturday_tagesschau_default-16|29September_2012_Saturday_tagesschau_default-16/1/*.png|Signer06|__ON__ DIENSTAG WEST MEHR WOLKE SCHAUER __OFF__
30August_2010_Monday_tagesschau_default-9|30August_2010_Monday_tagesschau_default-9/1/*.png|Signer01|ABEND VERSCHWINDEN SONNE ABWECHSELN WOLKE ABWECHSELN WIND SCHWACH WEHEN __OFF__
30August_2011_Tuesday_heute_default-0|30August_2011_Tuesday_heute_default-0/1/*.png|Signer07|__ON__ LIEB ZUSCHAUER GUT ABEND SOMMER ZWEITAUSEND ELF FAST VORBEI
30December_2010_Thursday_tagesschau_default-14|30December_2010_Thursday_tagesschau_default-14/1/*.png|Signer01|__ON__ HEUTE NACHT IX REGION NULL GRAD WENN STERN KOENNEN BIS MINUS ZWEIZWANZIG GRAD
30January_2011_Sunday_tagesschau_default-0|30January_2011_Sunday_tagesschau_default-0/1/*.png|Signer07|__ON__ JETZT WETTER VORAUS INFORMIEREN MORGEN MONTAG EINS DREISSIG JANUAR __OFF__
30January_2013_Wednesday_tagesschau_default-14|30January_2013_Wednesday_tagesschau_default-14/1/*.png|Signer05|FREITAG DANN KOMMEN REGEN UEBERWIEGEND WIND
30January_2013_Wednesday_tagesschau_default-17|30January_2013_Wednesday_tagesschau_default-17/1/*.png|Signer05|__ON__ SONNTAG WAHRSCHEINLICH FREUNDLICH IM-VERLAUF WEST SCHNEE SCHNEIEN REGEN __OFF__
30July_2010_Friday_tagesschau_default-7|30July_2010_Friday_tagesschau_default-7/1/*.png|Signer04|KUEHL SIEBEN GRAD ALLGAEU IX SECHSZEHN NORD MORGEN IX EINS ZWANZIG
30July_2011_Saturday_tagesschau_default-7|30July_2011_Saturday_tagesschau_default-7/1/*.png|Signer01|__ON__ REGION VIEL HIMMEL REGION SUEDWEST AUCH LOCH NICHT-WOLKE NICHTALP-KEIN
30June_2009_Tuesday_tagesschau_default-4|30June_2009_Tuesday_tagesschau_default-4/1/*.png|Signer09|MORGEN FRUEH ANFANG FREUNDLICH IM-VERLAUF OST SUED
30March_2010_Tuesday_tagesschau_default-0|30March_2010_Tuesday_tagesschau_default-0/1/*.png|Signer01|__ON__ JETZT WETTER WIE-AUSSEHEN MORGEN MITTWOCH EINS DREISSIG MAERZ __OFF__
30March_2011_Wednesday_tagesschau_default-3|30March_2011_Wednesday_tagesschau_default-3/1/*.png|Signer05|SAMSTAG SONNTAG HOCH SPANIEN IX VERBREITEN SONNE AUCH TEIL TATSAECHLICH SCHON SOMMER TEMPERATUR
30March_2011_Wednesday_tagesschau_default-6|30March_2011_Wednesday_tagesschau_default-6/1/*.png|Signer05|OST REGION IX SONNE WAHRSCHEINLICH DANN ABEND IX REGEN IX __OFF__
30May_2011_Monday_heute_default-7|30May_2011_Monday_heute_default-7/1/*.png|Signer01|OST WARM REGION BIS DREISSIG GRAD REGION UEBERSPRINGEN REGION KUEHL NUR FUENFZEHN SECHSZEHN GRAD
30November_2009_Monday_tagesschau_default-5|30November_2009_Monday_tagesschau_default-5/1/*.png|Signer03|SUED VIERHUNDERT SIEBENHUNDERT METER HOEHE MOEGLICH SCHNEE ENORM 
30November_2009_Monday_tagesschau_default-10|30November_2009_Monday_tagesschau_default-10/1/*.png|Signer03|__ON__ MORGEN TEMPERATUR NULL BIS SIEBEN GRAD FLUSS MOEGLICH ACHT GRAD __OFF__
30November_2010_Tuesday_tagesschau_default-2|30November_2010_Tuesday_tagesschau_default-2/1/*.png|Signer08|__ON__ SKANDINAVIEN HOCH KOMMEN KALT KOMMEN FRANKREICH KOMMEN TIEF KOMMEN WOLKE KOMMEN KOENNEN SCHNEE REGEN
30November_2010_Tuesday_tagesschau_default-4|30November_2010_Tuesday_tagesschau_default-4/1/*.png|Signer08|__ON__ KUESTE HEUTE NACHT SCHNEE REGION WOLKE BISSCHEN TROCKEN NORD MORGEN KOENNEN SONNE 
30November_2011_Wednesday_tagesschau_default-4|30November_2011_Wednesday_tagesschau_default-4/1/*.png|Signer01|__ON__ REGION NOCH HOCH DRUCK KOMMEN __OFF__
30November_2011_Wednesday_tagesschau_default-14|30November_2011_Wednesday_tagesschau_default-14/1/*.png|Signer01|__ON__ TAG FUENF GRAD NEBEL UND FUENFZEHN GRAD FOEHN REGION __OFF__
30November_2011_Wednesday_tagesschau_default-18|30November_2011_Wednesday_tagesschau_default-18/1/*.png|Signer01|__ON__ SUEDOST SEIN FREUNDLICH SONNE SAMSTAG SONNTAG DANN WECHSELHAFT IX REGEN BESONDERS SONNTAG KOENNEN STURM __OFF__
30October_2009_Friday_tagesschau_default-6|30October_2009_Friday_tagesschau_default-6/1/*.png|Signer03|WIND MAESSIG WEHEN WEST REGION HEUTE NACHT FUENF GRAD REGION HAUPTSAECHLICH FROST MOEGLICH GLATT VORSICHT 
30September_2012_Sunday_tagesschau_default-12|30September_2012_Sunday_tagesschau_default-12/1/*.png|Signer06|__ON__ NACHT SYLT DREIZEHN GRAD MITTE BERG TAL NULL GRAD __OFF__
30September_2012_Sunday_tagesschau_default-18|30September_2012_Sunday_tagesschau_default-18/1/*.png|Signer06|__ON__ MITTWOCH NAECHSTE DASSELBE DONNERSTAG DEUTSCH LAND WECHSELHAFT UEBERWIEGEND REGEN MOEGLICH STARK WIND __OFF__
31August_2010_Tuesday_heute_default-2|31August_2010_Tuesday_heute_default-2/1/*.png|Signer01|TIEF REGEN OST KOMMEN VERSCHWINDEN IN-KOMMEND NEU
31August_2010_Tuesday_tagesschau_default-9|31August_2010_Tuesday_tagesschau_default-9/1/*.png|Signer01|__ON__ WIND SCHWACH WEHEN ZEIGEN-BILDSCHIRM __OFF__
31January_2010_Sunday_tagesschau_default-12|31January_2010_Sunday_tagesschau_default-12/1/*.png|Signer05|__ON__ MORGEN NORDWEST ZWEI SONST REGION MINUS FUENF ZWISCHEN EINS ZWISCHEN
31January_2013_Thursday_tagesschau_default-7|31January_2013_Thursday_tagesschau_default-7/1/*.png|Signer01|__ON__ IX DANN SCHNEE KOENNEN
31January_2013_Thursday_tagesschau_default-8|31January_2013_Thursday_tagesschau_default-8/1/*.png|Signer01|ABEND DANN NORD SCHNEE FLACH SCHNEE MAXIMAL WIND WEHEN __OFF__
31May_2011_Tuesday_heute_default-14|31May_2011_Tuesday_heute_default-14/1/*.png|Signer01|__ON__ HOFFEN REGION JETZT NORDOST VERLAUFEN VERSCHWINDEN
31May_2011_Tuesday_tagesschau_default-4|31May_2011_Tuesday_tagesschau_default-4/1/*.png|Signer01|__ON__ DEUTSCH WETTER DIENST WARNUNG NORDWEST IX AUCH KOMMEN SONNE MEISTENS __OFF__
31October_2009_Saturday_tagesschau_default-8|31October_2009_Saturday_tagesschau_default-8/1/*.png|Signer03|__ON__ MOEGLICH HEUTE NACHT FROST GLATT VORSICHT FLUSS MOEGLICH PLUS ACHT
